{ "compressionlevel":-1,
 "height":7,
 "infinite":false,
 "layers":[
        {
         "data":[37, 42, 42, 42, 29, 42, 42, 42, 42, 40, 41, 150, 146, 149, 43, 150, 146, 146, 149, 41, 41, 147, 144, 148, 156, 147, 144, 144, 148, 41, 41, 127, 103, 130, 154, 80, 64, 64, 83, 41, 41, 112, 95, 99, 64, 49, 48, 48, 67, 41, 41, 112, 95, 95, 45, 48, 48, 48, 67, 41, 38, 42, 42, 42, 31, 42, 42, 42, 42, 39],
         "height":7,
         "id":1,
         "name":"sub_tiles_100",
         "opacity":1,
         "properties":[
                {
                 "name":"layer_type",
                 "type":"string",
                 "value":"sub"
                }, 
                {
                 "name":"z_order",
                 "type":"int",
                 "value":100
                }],
         "type":"tilelayer",
         "visible":true,
         "width":10,
         "x":0,
         "y":0
        }, 
        {
         "draworder":"topdown",
         "id":8,
         "name":"sub_doodad_101",
         "objects":[
                {
                 "gid":351,
                 "height":192,
                 "id":24,
                 "name":"",
                 "properties":[
                        {
                         "name":"event_on_activate",
                         "type":"string",
                         "value":"pink_otm_transition"
                        }, 
                        {
                         "name":"event_on_activate_kwargs",
                         "type":"string",
                         "value":"renpy.store.pink_return_merged_dict(renpy.store.test_lab_door_visible_settings, {'target_map': 'artist_corridor_sevarihk_1.json', 'x_coord': 9, 'y_coord': 4, 'orientation': 'down'})"
                        }],
                 "rotation":0,
                 "type":"",
                 "visible":true,
                 "width":192,
                 "x":384,
                 "y":256
                }, 
                {
                 "gid":352,
                 "height":64,
                 "id":25,
                 "name":"",
                 "properties":[
                        {
                         "name":"event_on_activate",
                         "type":"string",
                         "value":"artist_corridor_main_sign_1"
                        }],
                 "rotation":0,
                 "type":"",
                 "visible":true,
                 "width":64,
                 "x":384,
                 "y":192
                }, 
                {
                 "gid":351,
                 "height":192,
                 "id":216,
                 "name":"",
                 "properties":[
                        {
                         "name":"event_on_activate",
                         "type":"string",
                         "value":"test_corridor_elevator"
                        }],
                 "rotation":0,
                 "type":"",
                 "visible":true,
                 "width":192,
                 "x":64,
                 "y":256
                }, 
                {
                 "gid":415,
                 "height":40,
                 "id":220,
                 "name":"",
                 "rotation":0,
                 "type":"",
                 "visible":true,
                 "width":16,
                 "x":448,
                 "y":112
                }, 
                {
                 "gid":379,
                 "height":40,
                 "id":221,
                 "name":"",
                 "rotation":0,
                 "type":"",
                 "visible":true,
                 "width":16,
                 "x":464,
                 "y":112
                }, 
                {
                 "gid":380,
                 "height":40,
                 "id":222,
                 "name":"",
                 "rotation":0,
                 "type":"",
                 "visible":true,
                 "width":16,
                 "x":480,
                 "y":112
                }, 
                {
                 "gid":381,
                 "height":40,
                 "id":223,
                 "name":"",
                 "rotation":0,
                 "type":"",
                 "visible":true,
                 "width":16,
                 "x":496,
                 "y":112
                }],
         "opacity":1,
         "properties":[
                {
                 "name":"layer_type",
                 "type":"string",
                 "value":"sub"
                }, 
                {
                 "name":"z_order",
                 "type":"int",
                 "value":101
                }],
         "type":"objectgroup",
         "visible":true,
         "x":0,
         "y":0
        }, 
        {
         "draworder":"topdown",
         "id":9,
         "name":"dyn_doodad_100",
         "objects":[],
         "opacity":1,
         "properties":[
                {
                 "name":"layer_type",
                 "type":"string",
                 "value":"dynamic"
                }, 
                {
                 "name":"z_order",
                 "type":"int",
                 "value":100
                }],
         "type":"objectgroup",
         "visible":true,
         "x":0,
         "y":0
        }, 
        {
         "draworder":"topdown",
         "id":10,
         "name":"dyn_doodad_101",
         "objects":[
                {
                 "gid":360,
                 "height":320,
                 "id":138,
                 "name":"",
                 "rotation":0,
                 "type":"",
                 "visible":true,
                 "width":32,
                 "x":64,
                 "y":384
                }, 
                {
                 "gid":360,
                 "height":192,
                 "id":143,
                 "name":"",
                 "rotation":0,
                 "type":"",
                 "visible":true,
                 "width":32,
                 "x":320,
                 "y":256
                }],
         "opacity":1,
         "properties":[
                {
                 "name":"layer_type",
                 "type":"string",
                 "value":"dynamic"
                }, 
                {
                 "name":"z_order",
                 "type":"int",
                 "value":101
                }],
         "type":"objectgroup",
         "visible":true,
         "x":0,
         "y":0
        }],
 "nextlayerid":11,
 "nextobjectid":233,
 "orientation":"orthogonal",
 "renderorder":"right-down",
 "tiledversion":"1.7.1",
 "tileheight":64,
 "tilesets":[
        {
         "firstgid":1,
         "source":"..\/tilesets\/tileset_testlab_64_64.json"
        }, 
        {
         "firstgid":346,
         "source":"..\/tilesets\/tileset_setlab_objects_64_64.json"
        }, 
        {
         "firstgid":378,
         "source":"..\/tilesets\/tileset_testlab_alphabet.json"
        }],
 "tilewidth":64,
 "type":"map",
 "version":"1.6",
 "width":10
}