{ "compressionlevel":-1,
 "height":17,
 "infinite":false,
 "layers":[
        {
         "data":[161, 176, 176, 176, 176, 176, 176, 176, 176, 176, 176, 176, 176, 176, 176, 176, 176, 176, 163, 175, 151, 151, 151, 151, 151, 151, 151, 151, 151, 151, 151, 151, 151, 151, 151, 151, 151, 184, 175, 143, 143, 143, 143, 143, 143, 143, 143, 143, 143, 143, 143, 143, 143, 143, 143, 143, 184, 175, 145, 145, 145, 145, 145, 145, 145, 145, 145, 145, 145, 145, 145, 145, 145, 145, 145, 184, 175, 30, 23, 23, 23, 23, 23, 23, 23, 23, 23, 23, 23, 23, 23, 23, 23, 26, 184, 175, 27, 205, 205, 2, 2, 2, 2, 2, 2, 2, 2, 2, 2, 2, 205, 205, 18, 184, 175, 27, 205, 205, 2, 2, 2, 2, 2, 2, 2, 2, 2, 2, 2, 205, 205, 18, 184, 175, 27, 2, 2, 2, 2, 4, 19, 6, 2, 4, 19, 6, 2, 2, 2, 2, 18, 184, 175, 27, 2, 2, 2, 2, 18, 142, 27, 2, 18, 142, 27, 2, 2, 2, 2, 18, 184, 175, 27, 2, 2, 4, 19, 9, 43, 32, 19, 21, 43, 16, 19, 6, 2, 2, 18, 184, 175, 27, 2, 2, 18, 142, 38, 205, 205, 205, 205, 205, 38, 142, 27, 2, 2, 18, 184, 175, 27, 2, 2, 3, 23, 24, 205, 205, 205, 205, 205, 29, 23, 10, 2, 2, 18, 184, 175, 27, 2, 2, 2, 2, 18, 205, 205, 205, 205, 205, 27, 2, 2, 2, 2, 18, 184, 178, 200, 200, 200, 200, 200, 200, 201, 27, 2, 18, 204, 200, 200, 200, 200, 200, 200, 189, 151, 151, 151, 151, 151, 151, 151, 155, 27, 2, 18, 152, 151, 151, 151, 151, 151, 151, 151, 143, 143, 143, 143, 143, 143, 143, 147, 27, 2, 18, 146, 143, 143, 143, 143, 143, 143, 143, 145, 145, 145, 145, 145, 145, 145, 149, 27, 2, 18, 154, 145, 145, 145, 145, 145, 145, 145],
         "height":17,
         "id":1,
         "name":"sub_tiles_100",
         "opacity":1,
         "properties":[
                {
                 "name":"layer_type",
                 "type":"string",
                 "value":"sub"
                }, 
                {
                 "name":"z_order",
                 "type":"int",
                 "value":100
                }],
         "type":"tilelayer",
         "visible":true,
         "width":19,
         "x":0,
         "y":0
        }, 
        {
         "draworder":"topdown",
         "id":5,
         "name":"sub_objects_101",
         "objects":[
                {
                 "gid":214,
                 "height":144,
                 "id":58,
                 "name":"",
                 "properties":[
                        {
                         "name":"event_on_activate",
                         "type":"string",
                         "value":"pink_otm_transition"
                        }, 
                        {
                         "name":"event_on_activate_kwargs",
                         "type":"string",
                         "value":"{'target_map': 'artist_corridor_main.json', 'x_coord': 7, 'y_coord': 3, 'orientation': 'down', 'transition_out_delay_sound': renpy.store.sevarihk_door_noise}"
                        }],
                 "rotation":0,
                 "type":"",
                 "visible":true,
                 "width":144,
                 "x":384,
                 "y":192
                }, 
                {
                 "gid":215,
                 "height":144,
                 "id":59,
                 "name":"",
                 "rotation":0,
                 "type":"",
                 "visible":true,
                 "width":48,
                 "x":624,
                 "y":192
                }, 
                {
                 "gid":215,
                 "height":144,
                 "id":60,
                 "name":"",
                 "rotation":0,
                 "type":"",
                 "visible":true,
                 "width":48,
                 "x":240,
                 "y":192
                }, 
                {
                 "gid":213,
                 "height":48,
                 "id":61,
                 "name":"",
                 "rotation":0,
                 "type":"",
                 "visible":true,
                 "width":48,
                 "x":336,
                 "y":144
                }, 
                {
                 "gid":212,
                 "height":48,
                 "id":62,
                 "name":"",
                 "rotation":0,
                 "type":"",
                 "visible":true,
                 "width":48,
                 "x":528,
                 "y":144
                }, 
                {
                 "gid":215,
                 "height":144,
                 "id":63,
                 "name":"",
                 "rotation":0,
                 "type":"",
                 "visible":true,
                 "width":48,
                 "x":720,
                 "y":192
                }, 
                {
                 "gid":215,
                 "height":144,
                 "id":64,
                 "name":"",
                 "rotation":0,
                 "type":"",
                 "visible":true,
                 "width":48,
                 "x":144,
                 "y":192
                }, 
                {
                 "gid":219,
                 "height":48,
                 "id":65,
                 "name":"",
                 "rotation":0,
                 "type":"",
                 "visible":true,
                 "width":48,
                 "x":192,
                 "y":144
                }, 
                {
                 "gid":219,
                 "height":48,
                 "id":66,
                 "name":"",
                 "rotation":0,
                 "type":"",
                 "visible":true,
                 "width":48,
                 "x":672,
                 "y":144
                }, 
                {
                 "gid":222,
                 "height":144,
                 "id":67,
                 "name":"",
                 "properties":[
                        {
                         "name":"default_control_stack",
                         "type":"string",
                         "value":"[\nControlCommand(\"change_stand_animation\", animation_name=\"off\"),\nControlCommand(\"delay\", quantity=6.0),\nControlCommand(\"play_animation\", animation_name=\"off_to_on\"),\nControlCommand(\"change_stand_animation\", animation_name=\"on\"),\nControlCommand(\"delay\", quantity=6.0),\nControlCommand(\"play_animation\", animation_name=\"on_to_off\")]"
                        }, 
                        {
                         "name":"stand_animation",
                         "type":"string",
                         "value":"off"
                        }],
                 "rotation":0,
                 "type":"",
                 "visible":true,
                 "width":48,
                 "x":576,
                 "y":240
                }],
         "opacity":1,
         "properties":[
                {
                 "name":"layer_type",
                 "type":"string",
                 "value":"sub"
                }, 
                {
                 "name":"z_order",
                 "type":"int",
                 "value":101
                }],
         "type":"objectgroup",
         "visible":true,
         "x":0,
         "y":0
        }, 
        {
         "draworder":"topdown",
         "id":3,
         "name":"dyn_objects_100",
         "objects":[
                {
                 "gid":142,
                 "height":48,
                 "id":1,
                 "name":"",
                 "properties":[
                        {
                         "name":"move_from",
                         "type":"string",
                         "value":"1111"
                        }, 
                        {
                         "name":"move_to",
                         "type":"string",
                         "value":"1111"
                        }, 
                        {
                         "name":"occultates_as_y",
                         "type":"int",
                         "value":10
                        }],
                 "rotation":0,
                 "type":"",
                 "visible":true,
                 "width":48,
                 "x":240,
                 "y":480
                }, 
                {
                 "gid":142,
                 "height":48,
                 "id":2,
                 "name":"",
                 "properties":[
                        {
                         "name":"move_from",
                         "type":"string",
                         "value":"1111"
                        }, 
                        {
                         "name":"move_to",
                         "type":"string",
                         "value":"1111"
                        }, 
                        {
                         "name":"occultates_as_y",
                         "type":"int",
                         "value":10
                        }],
                 "rotation":0,
                 "type":"",
                 "visible":true,
                 "width":48,
                 "x":240,
                 "y":432
                }, 
                {
                 "gid":142,
                 "height":48,
                 "id":3,
                 "name":"",
                 "properties":[
                        {
                         "name":"move_from",
                         "type":"string",
                         "value":"1111"
                        }, 
                        {
                         "name":"move_to",
                         "type":"string",
                         "value":"1111"
                        }, 
                        {
                         "name":"occultates_as_y",
                         "type":"int",
                         "value":8
                        }],
                 "rotation":0,
                 "type":"",
                 "visible":true,
                 "width":48,
                 "x":336,
                 "y":384
                }, 
                {
                 "gid":142,
                 "height":48,
                 "id":4,
                 "name":"",
                 "properties":[
                        {
                         "name":"move_from",
                         "type":"string",
                         "value":"1111"
                        }, 
                        {
                         "name":"move_to",
                         "type":"string",
                         "value":"1111"
                        }, 
                        {
                         "name":"occultates_as_y",
                         "type":"int",
                         "value":8
                        }],
                 "rotation":0,
                 "type":"",
                 "visible":true,
                 "width":48,
                 "x":336,
                 "y":336
                }, 
                {
                 "gid":142,
                 "height":48,
                 "id":5,
                 "name":"",
                 "properties":[
                        {
                         "name":"move_from",
                         "type":"string",
                         "value":"1111"
                        }, 
                        {
                         "name":"move_to",
                         "type":"string",
                         "value":"1111"
                        }, 
                        {
                         "name":"occultates_as_y",
                         "type":"int",
                         "value":8
                        }],
                 "rotation":0,
                 "type":"",
                 "visible":true,
                 "width":48,
                 "x":528,
                 "y":384
                }, 
                {
                 "gid":142,
                 "height":48,
                 "id":6,
                 "name":"",
                 "properties":[
                        {
                         "name":"move_from",
                         "type":"string",
                         "value":"1111"
                        }, 
                        {
                         "name":"move_to",
                         "type":"string",
                         "value":"1111"
                        }, 
                        {
                         "name":"occultates_as_y",
                         "type":"int",
                         "value":8
                        }],
                 "rotation":0,
                 "type":"",
                 "visible":true,
                 "width":48,
                 "x":528,
                 "y":336
                }, 
                {
                 "gid":142,
                 "height":48,
                 "id":7,
                 "name":"",
                 "properties":[
                        {
                         "name":"move_from",
                         "type":"string",
                         "value":"1111"
                        }, 
                        {
                         "name":"move_to",
                         "type":"string",
                         "value":"1111"
                        }, 
                        {
                         "name":"occultates_as_y",
                         "type":"int",
                         "value":10
                        }],
                 "rotation":0,
                 "type":"",
                 "visible":true,
                 "width":48,
                 "x":624,
                 "y":480
                }, 
                {
                 "gid":142,
                 "height":48,
                 "id":8,
                 "name":"",
                 "properties":[
                        {
                         "name":"move_from",
                         "type":"string",
                         "value":"1111"
                        }, 
                        {
                         "name":"move_to",
                         "type":"string",
                         "value":"1111"
                        }, 
                        {
                         "name":"occultates_as_y",
                         "type":"int",
                         "value":10
                        }],
                 "rotation":0,
                 "type":"",
                 "visible":true,
                 "width":48,
                 "x":624,
                 "y":432
                }, 
                {
                 "gid":158,
                 "height":48,
                 "id":9,
                 "name":"",
                 "properties":[
                        {
                         "name":"move_from",
                         "type":"string",
                         "value":"1111"
                        }, 
                        {
                         "name":"move_to",
                         "type":"string",
                         "value":"1111"
                        }, 
                        {
                         "name":"occultates_as_y",
                         "type":"int",
                         "value":10
                        }],
                 "rotation":0,
                 "type":"",
                 "visible":true,
                 "width":48,
                 "x":240,
                 "y":384
                }, 
                {
                 "gid":158,
                 "height":48,
                 "id":10,
                 "name":"",
                 "properties":[
                        {
                         "name":"move_from",
                         "type":"string",
                         "value":"1111"
                        }, 
                        {
                         "name":"move_to",
                         "type":"string",
                         "value":"1111"
                        }, 
                        {
                         "name":"occultates_as_y",
                         "type":"int",
                         "value":8
                        }],
                 "rotation":0,
                 "type":"",
                 "visible":true,
                 "width":48,
                 "x":336,
                 "y":288
                }, 
                {
                 "gid":158,
                 "height":48,
                 "id":11,
                 "name":"",
                 "properties":[
                        {
                         "name":"move_from",
                         "type":"string",
                         "value":"1111"
                        }, 
                        {
                         "name":"move_to",
                         "type":"string",
                         "value":"1111"
                        }, 
                        {
                         "name":"occultates_as_y",
                         "type":"int",
                         "value":8
                        }],
                 "rotation":0,
                 "type":"",
                 "visible":true,
                 "width":48,
                 "x":528,
                 "y":288
                }, 
                {
                 "gid":158,
                 "height":48,
                 "id":12,
                 "name":"",
                 "properties":[
                        {
                         "name":"move_from",
                         "type":"string",
                         "value":"1111"
                        }, 
                        {
                         "name":"move_to",
                         "type":"string",
                         "value":"1111"
                        }, 
                        {
                         "name":"occultates_as_y",
                         "type":"int",
                         "value":10
                        }],
                 "rotation":0,
                 "type":"",
                 "visible":true,
                 "width":48,
                 "x":624,
                 "y":384
                }, 
                {
                 "gid":209,
                 "height":96,
                 "id":31,
                 "name":"",
                 "properties":[
                        {
                         "name":"occultates_as_y",
                         "type":"int",
                         "value":16
                        }],
                 "rotation":0,
                 "type":"",
                 "visible":true,
                 "width":240,
                 "x":336,
                 "y":658
                }, 
                {
                 "gid":220,
                 "height":96,
                 "id":51,
                 "name":"",
                 "rotation":0,
                 "type":"",
                 "visible":true,
                 "width":48,
                 "x":432,
                 "y":528
                }, 
                {
                 "gid":207,
                 "height":48,
                 "id":70,
                 "name":"",
                 "properties":[
                        {
                         "name":"event_on_touch",
                         "type":"string",
                         "value":"pink_otm_transition"
                        }, 
                        {
                         "name":"event_on_touch_kwargs",
                         "type":"string",
                         "value":"{'target_map': 'artist_corridor_sevarihk_2.json', 'x_coord': 5, 'y_coord': 4, 'orientation': 'down', 'transition_out_delay_sound': renpy.store.sevarihk_door_noise}"
                        }],
                 "rotation":0,
                 "type":"",
                 "visible":true,
                 "width":144,
                 "x":384,
                 "y":816
                }],
         "opacity":1,
         "properties":[
                {
                 "name":"layer_type",
                 "type":"string",
                 "value":"dynamic"
                }, 
                {
                 "name":"z_order",
                 "type":"int",
                 "value":100
                }],
         "type":"objectgroup",
         "visible":true,
         "x":0,
         "y":0
        }, 
        {
         "draworder":"topdown",
         "id":4,
         "name":"dyn_objects_101",
         "objects":[
                {
                 "gid":208,
                 "height":576,
                 "id":25,
                 "name":"",
                 "rotation":0,
                 "type":"",
                 "visible":true,
                 "width":48,
                 "x":48,
                 "y":624
                }, 
                {
                 "gid":208,
                 "height":48,
                 "id":26,
                 "name":"",
                 "rotation":0,
                 "type":"",
                 "visible":true,
                 "width":48,
                 "x":288,
                 "y":528
                }, 
                {
                 "gid":208,
                 "height":48,
                 "id":27,
                 "name":"",
                 "rotation":0,
                 "type":"",
                 "visible":true,
                 "width":48,
                 "x":672,
                 "y":528
                }, 
                {
                 "gid":208,
                 "height":48,
                 "id":28,
                 "name":"",
                 "rotation":0,
                 "type":"",
                 "visible":true,
                 "width":48,
                 "x":384,
                 "y":432
                }, 
                {
                 "gid":208,
                 "height":48,
                 "id":29,
                 "name":"",
                 "rotation":0,
                 "type":"",
                 "visible":true,
                 "width":48,
                 "x":576,
                 "y":432
                }, 
                {
                 "gid":208,
                 "height":48,
                 "id":30,
                 "name":"",
                 "properties":[
                        {
                         "name":"occultates_as_y",
                         "type":"int",
                         "value":16
                        }],
                 "rotation":0,
                 "type":"",
                 "visible":true,
                 "width":48,
                 "x":384,
                 "y":816
                }],
         "opacity":1,
         "properties":[
                {
                 "name":"layer_type",
                 "type":"string",
                 "value":"dynamic"
                }, 
                {
                 "name":"z_order",
                 "type":"int",
                 "value":101
                }],
         "type":"objectgroup",
         "visible":true,
         "x":0,
         "y":0
        }],
 "nextlayerid":6,
 "nextobjectid":75,
 "orientation":"orthogonal",
 "renderorder":"right-down",
 "tiledversion":"1.7.1",
 "tileheight":48,
 "tilesets":[
        {
         "firstgid":1,
         "source":"..\/tilesets\/sevahrik_48_tiles.json"
        }, 
        {
         "firstgid":207,
         "source":"..\/tilesets\/generic_48.json"
        }, 
        {
         "firstgid":209,
         "source":"..\/tilesets\/sevahrik_48_doodads.json"
        }, 
        {
         "firstgid":223,
         "source":"..\/tilesets\/tileset_setlab_objects_64_64.json"
        }, 
        {
         "firstgid":261,
         "source":"..\/tilesets\/special_move_indicators.json"
        }],
 "tilewidth":48,
 "type":"map",
 "version":"1.6",
 "width":19
}