{ "compressionlevel":-1,
 "height":16,
 "infinite":false,
 "layers":[
        {
         "data":[161, 176, 176, 176, 176, 176, 176, 176, 176, 176, 163,
            175, 151, 151, 151, 151, 151, 151, 151, 151, 151, 184,
            175, 143, 143, 143, 143, 143, 143, 143, 143, 143, 184,
            175, 145, 145, 145, 145, 145, 145, 145, 145, 145, 184,
            175, 2, 2, 2, 205, 205, 205, 2, 2, 2, 184,
            175, 2, 2, 2, 205, 205, 205, 2, 2, 2, 184,
            175, 2, 2, 2, 205, 205, 205, 2, 2, 2, 184,
            175, 2, 2, 2, 205, 205, 205, 2, 2, 2, 184,
            175, 2, 2, 2, 205, 205, 205, 2, 2, 2, 184,
            175, 2, 2, 2, 205, 205, 205, 2, 2, 2, 184,
            175, 2, 2, 2, 205, 205, 205, 2, 2, 2, 184,
            175, 2, 2, 2, 205, 205, 205, 2, 2, 2, 184,
            178, 200, 200, 201, 205, 205, 205, 204, 200, 200, 189,
            151, 151, 151, 155, 205, 205, 205, 152, 151, 151, 151,
            143, 143, 143, 147, 205, 205, 205, 144, 143, 143, 143,
            145, 145, 145, 149, 205, 205, 205, 146, 145, 145, 145],
         "height":16,
         "id":1,
         "name":"sub_tiles_100",
         "opacity":1,
         "properties":[
                {
                 "name":"layer_type",
                 "type":"string",
                 "value":"sub"
                }, 
                {
                 "name":"z_order",
                 "type":"int",
                 "value":100
                }],
         "type":"tilelayer",
         "visible":true,
         "width":11,
         "x":0,
         "y":0
        }, 
        {
         "draworder":"topdown",
         "id":4,
         "name":"sub_objects_101",
         "objects":[
                {
                 "class":"",
                 "gid":214,
                 "height":144,
                 "id":51,
                 "name":"",
                 "properties":[
                        {
                         "name":"event_on_activate",
                         "type":"string",
                         "value":"pink_otm_transition"
                        }, 
                        {
                         "name":"event_on_activate_kwargs",
                         "type":"string",
                         "value":"{'target_map': 'artist_corridor_sevarihk_1.json', 'x_coord': 9, 'y_coord': 15, 'orientation': 'up', 'transition_out_delay_sound': renpy.store.sevarihk_door_noise}"
                        }],
                 "rotation":0,
                 "visible":true,
                 "width":144,
                 "x":192,
                 "y":192
                }, 
                {
                 "class":"",
                 "gid":212,
                 "height":48,
                 "id":52,
                 "name":"",
                 "rotation":0,
                 "visible":true,
                 "width":48,
                 "x":336,
                 "y":144
                }, 
                {
                 "class":"",
                 "gid":212,
                 "height":48,
                 "id":53,
                 "name":"",
                 "rotation":0,
                 "visible":true,
                 "width":48,
                 "x":384,
                 "y":144
                }, 
                {
                 "class":"",
                 "gid":212,
                 "height":48,
                 "id":54,
                 "name":"",
                 "rotation":0,
                 "visible":true,
                 "width":48,
                 "x":384,
                 "y":96
                }, 
                {
                 "class":"",
                 "gid":212,
                 "height":48,
                 "id":55,
                 "name":"",
                 "rotation":0,
                 "visible":true,
                 "width":48,
                 "x":144,
                 "y":96
                }, 
                {
                 "class":"",
                 "gid":212,
                 "height":48,
                 "id":56,
                 "name":"",
                 "rotation":0,
                 "visible":true,
                 "width":48,
                 "x":96,
                 "y":96
                }, 
                {
                 "class":"",
                 "gid":212,
                 "height":48,
                 "id":57,
                 "name":"",
                 "rotation":0,
                 "visible":true,
                 "width":48,
                 "x":96,
                 "y":144
                }, 
                {
                 "class":"",
                 "gid":215,
                 "height":144,
                 "id":58,
                 "name":"",
                 "rotation":0,
                 "visible":true,
                 "width":48,
                 "x":48,
                 "y":192
                }, 
                {
                 "class":"",
                 "gid":215,
                 "height":144,
                 "id":59,
                 "name":"",
                 "rotation":0,
                 "visible":true,
                 "width":48,
                 "x":432,
                 "y":192
                }, 
                {
                 "class":"",
                 "gid":213,
                 "height":48,
                 "id":60,
                 "name":"",
                 "rotation":0,
                 "visible":true,
                 "width":48,
                 "x":336,
                 "y":96
                }, 
                {
                 "class":"",
                 "gid":213,
                 "height":48,
                 "id":61,
                 "name":"",
                 "rotation":0,
                 "visible":true,
                 "width":48,
                 "x":144,
                 "y":144
                },
            
                {
                 "class":"",
                 "gid":219,
                 "height":48,
                 "id":62,
                 "name":"",
                 "rotation":0,
                 "visible":true,
                 "width":48,
                 "x":384,
                 "y":192
                }, 
                {
                 "class":"",
                 "gid":219,
                 "height":48,
                 "id":63,
                 "name":"",
                 "rotation":0,
                 "visible":true,
                 "width":48,
                 "x":336,
                 "y":192
                }, 
                {
                 "class":"",
                 "gid":219,
                 "height":48,
                 "id":64,
                 "name":"",
                 "rotation":0,
                 "visible":true,
                 "width":48,
                 "x":144,
                 "y":192
                }, 
                {
                 "class":"",
                 "gid":219,
                 "height":48,
                 "id":65,
                 "name":"",
                 "rotation":0,
                 "visible":true,
                 "width":48,
                 "x":96,
                 "y":192
                }],
         "opacity":1,
         "properties":[
                {
                 "name":"layer_type",
                 "type":"string",
                 "value":"sub"
                }, 
                {
                 "name":"z_order",
                 "type":"int",
                 "value":101
                }],
         "type":"objectgroup",
         "visible":true,
         "x":0,
         "y":0
        }, 
        {
         "draworder":"topdown",
         "id":3,
         "name":"dyn_objects_100",
         "objects":[
                {
                 "class":"",
                 "gid":210,
                 "height":96,
                 "id":35,
                 "name":"",
                 "rotation":0,
                 "visible":true,
                 "width":144,
                 "x":336,
                 "y":288
                }, 
                {
                 "class":"",
                 "gid":210,
                 "height":96,
                 "id":36,
                 "name":"",
                 "rotation":0,
                 "visible":true,
                 "width":144,
                 "x":336,
                 "y":384
                }, 
                {
                 "class":"",
                 "gid":210,
                 "height":96,
                 "id":37,
                 "name":"",
                 "rotation":0,
                 "visible":true,
                 "width":144,
                 "x":336,
                 "y":576
                }, 
                {
                 "class":"",
                 "gid":210,
                 "height":96,
                 "id":38,
                 "name":"",
                 "rotation":0,
                 "visible":true,
                 "width":144,
                 "x":48,
                 "y":576
                }, 
                {
                 "class":"",
                 "gid":210,
                 "height":96,
                 "id":39,
                 "name":"",
                 "rotation":0,
                 "visible":true,
                 "width":144,
                 "x":48,
                 "y":480
                }, 
                {
                 "class":"",
                 "gid":210,
                 "height":96,
                 "id":40,
                 "name":"",
                 "rotation":0,
                 "visible":true,
                 "width":144,
                 "x":48,
                 "y":384
                }, 
                {
                 "class":"",
                 "gid":210,
                 "height":96,
                 "id":41,
                 "name":"",
                 "rotation":0,
                 "visible":true,
                 "width":144,
                 "x":48,
                 "y":288
                }, 
                {
                 "class":"",
                 "gid":211,
                 "height":96,
                 "id":42,
                 "name":"",
                 "rotation":0,
                 "visible":true,
                 "width":144,
                 "x":336,
                 "y":480
                }, 
                {
                 "class":"",
                 "gid":209,
                 "height":96,
                 "id":43,
                 "name":"",
                 "properties":[
                        {
                         "name":"occultates_as_y",
                         "type":"int",
                         "value":15
                        }],
                 "rotation":0,
                 "visible":true,
                 "width":240,
                 "x":144,
                 "y":624
                }, 
                {
                 "class":"",
                 "gid":207,
                 "height":48,
                 "id":67,
                 "name":"",
                 "properties":[
                        {
                         "name":"event_on_touch",
                         "type":"string",
                         "value":"pink_otm_transition"
                        }, 
                        {
                         "name":"event_on_touch_kwargs",
                         "type":"string",
                         "value":"{'target_map': 'artist_corridor_sevarihk_3.json', 'x_coord': 5, 'y_coord': 4, 'orientation': 'down', 'transition_out_delay_sound': renpy.store.sevarihk_door_noise}"
                        }],
                 "rotation":0,
                 "visible":true,
                 "width":144,
                 "x":192,
                 "y":768
                }],
         "opacity":1,
         "properties":[
                {
                 "name":"layer_type",
                 "type":"string",
                 "value":"dynamic"
                }, 
                {
                 "name":"z_order",
                 "type":"int",
                 "value":100
                }],
         "type":"objectgroup",
         "visible":true,
         "x":0,
         "y":0
        }, 
        {
         "draworder":"topdown",
         "id":2,
         "name":"dyn_objects_101",
         "objects":[
                {
                 "class":"",
                 "gid":208,
                 "height":528,
                 "id":1,
                 "name":"",
                 "rotation":0,
                 "visible":true,
                 "width":48,
                 "x":48,
                 "y":576
                }, 
                {
                 "class":"",
                 "gid":208,
                 "height":48,
                 "id":13,
                 "name":"",
                 "rotation":0,
                 "visible":true,
                 "width":48,
                 "x":192,
                 "y":768
                }],
         "opacity":1,
         "properties":[
                {
                 "name":"layer_type",
                 "type":"string",
                 "value":"dynamic"
                }, 
                {
                 "name":"z_order",
                 "type":"int",
                 "value":101
                }],
         "type":"objectgroup",
         "visible":true,
         "x":0,
         "y":0
        }],
 "nextlayerid":5,
 "nextobjectid":69,
 "orientation":"orthogonal",
 "renderorder":"right-down",
 "tiledversion":"1.9.2",
 "tileheight":48,
 "tilesets":[
        {
         "firstgid":1,
         "source":"..\/tilesets\/sevahrik_48_tiles.json"
        }, 
        {
         "firstgid":207,
         "source":"..\/tilesets\/generic_48.json"
        }, 
        {
         "firstgid":209,
         "source":"..\/tilesets\/sevahrik_48_doodads.json"
        }],
 "tilewidth":48,
 "type":"map",
 "version":"1.9",
 "width":11
}