{ "compressionlevel":-1,
 "height":15,
 "infinite":false,
 "layers":[
        {
         "data":[159, 159, 159, 161, 176, 176, 176, 163, 159, 159, 159, 159, 159, 159, 175, 151, 151, 151, 184, 159, 159, 159, 159, 159, 159, 175, 143, 143, 143, 184, 159, 159, 159, 159, 159, 159, 175, 145, 145, 145, 184, 159, 159, 159, 159, 159, 161, 179, 206, 206, 206, 190, 163, 159, 159, 159, 161, 179, 147, 206, 206, 206, 152, 190, 163, 159, 161, 179, 147, 147, 206, 206, 206, 144, 152, 190, 163, 175, 155, 147, 149, 206, 206, 206, 146, 144, 152, 184, 175, 147, 149, 206, 206, 206, 206, 206, 146, 144, 184, 175, 149, 206, 206, 206, 206, 206, 206, 206, 146, 184, 175, 206, 206, 206, 30, 23, 26, 206, 206, 206, 184, 175, 206, 206, 206, 27, 2, 18, 206, 206, 206, 184, 175, 206, 206, 206, 33, 19, 22, 206, 206, 206, 184, 175, 206, 206, 206, 206, 206, 206, 206, 206, 206, 184, 160, 180, 180, 180, 180, 180, 180, 180, 180, 180, 167],
         "height":15,
         "id":1,
         "name":"sub_tiles_100",
         "opacity":1,
         "properties":[
                {
                 "name":"layer_type",
                 "type":"string",
                 "value":"sub"
                }, 
                {
                 "name":"z_order",
                 "type":"int",
                 "value":100
                }],
         "type":"tilelayer",
         "visible":true,
         "width":11,
         "x":0,
         "y":0
        }, 
        {
         "draworder":"topdown",
         "id":5,
         "name":"sub_objects_101 (animated floor tiles)",
         "objects":[
                {
                 "gid":3,
                 "height":48,
                 "id":128,
                 "name":"",
                 "rotation":0,
                 "type":"",
                 "visible":true,
                 "width":48,
                 "x":264,
                 "y":528
                }, 
                {
                 "gid":3,
                 "height":48,
                 "id":129,
                 "name":"",
                 "rotation":0,
                 "type":"",
                 "visible":true,
                 "width":48,
                 "x":288,
                 "y":552
                }, 
                {
                 "gid":4,
                 "height":48,
                 "id":130,
                 "name":"",
                 "rotation":0,
                 "type":"",
                 "visible":true,
                 "width":48,
                 "x":288,
                 "y":600
                }, 
                {
                 "gid":4,
                 "height":48,
                 "id":131,
                 "name":"",
                 "rotation":0,
                 "type":"",
                 "visible":true,
                 "width":48,
                 "x":264,
                 "y":624
                }, 
                {
                 "gid":6,
                 "height":48,
                 "id":132,
                 "name":"",
                 "rotation":0,
                 "type":"",
                 "visible":true,
                 "width":48,
                 "x":216,
                 "y":624
                }, 
                {
                 "gid":6,
                 "height":48,
                 "id":133,
                 "name":"",
                 "rotation":0,
                 "type":"",
                 "visible":true,
                 "width":48,
                 "x":192,
                 "y":600
                }, 
                {
                 "gid":22,
                 "height":48,
                 "id":134,
                 "name":"",
                 "rotation":0,
                 "type":"",
                 "visible":true,
                 "width":48,
                 "x":336,
                 "y":600
                }, 
                {
                 "gid":26,
                 "height":48,
                 "id":136,
                 "name":"",
                 "rotation":0,
                 "type":"",
                 "visible":true,
                 "width":48,
                 "x":336,
                 "y":552
                }, 
                {
                 "gid":26,
                 "height":48,
                 "id":137,
                 "name":"",
                 "rotation":0,
                 "type":"",
                 "visible":true,
                 "width":48,
                 "x":264,
                 "y":480
                }, 
                {
                 "gid":10,
                 "height":48,
                 "id":138,
                 "name":"",
                 "rotation":0,
                 "type":"",
                 "visible":true,
                 "width":48,
                 "x":216,
                 "y":528
                }, 
                {
                 "gid":10,
                 "height":48,
                 "id":139,
                 "name":"",
                 "rotation":0,
                 "type":"",
                 "visible":true,
                 "width":48,
                 "x":192,
                 "y":552
                }, 
                {
                 "gid":30,
                 "height":48,
                 "id":140,
                 "name":"",
                 "rotation":0,
                 "type":"",
                 "visible":true,
                 "width":48,
                 "x":216,
                 "y":480
                }, 
                {
                 "gid":30,
                 "height":48,
                 "id":141,
                 "name":"",
                 "rotation":0,
                 "type":"",
                 "visible":true,
                 "width":48,
                 "x":144,
                 "y":552
                }, 
                {
                 "gid":33,
                 "height":48,
                 "id":142,
                 "name":"",
                 "rotation":0,
                 "type":"",
                 "visible":true,
                 "width":48,
                 "x":144,
                 "y":600
                }, 
                {
                 "gid":27,
                 "height":48,
                 "id":145,
                 "name":"",
                 "rotation":0,
                 "type":"",
                 "visible":true,
                 "width":48,
                 "x":216,
                 "y":672
                }, 
                {
                 "gid":18,
                 "height":48,
                 "id":146,
                 "name":"",
                 "rotation":0,
                 "type":"",
                 "visible":true,
                 "width":48,
                 "x":264,
                 "y":672
                }],
         "opacity":1,
         "properties":[
                {
                 "name":"layer_type",
                 "type":"string",
                 "value":"sub"
                }, 
                {
                 "name":"z_order",
                 "type":"int",
                 "value":101
                }],
         "type":"objectgroup",
         "visible":true,
         "x":0,
         "y":0
        }, 
        {
         "draworder":"topdown",
         "id":4,
         "name":"sub_objects_102",
         "objects":[
                {
                 "gid":221,
                 "height":120,
                 "id":61,
                 "name":"",
                 "properties":[
                        {
                         "name":"stand_animation",
                         "type":"string",
                         "value":"on"
                        }],
                 "rotation":0,
                 "type":"",
                 "visible":true,
                 "width":110,
                 "x":210,
                 "y":588
                }, 
                {
                 "gid":215,
                 "height":144,
                 "id":62,
                 "name":"",
                 "rotation":0,
                 "type":"",
                 "visible":true,
                 "width":48,
                 "x":48,
                 "y":480
                }, 
                {
                 "gid":215,
                 "height":144,
                 "id":63,
                 "name":"",
                 "rotation":0,
                 "type":"",
                 "visible":true,
                 "width":48,
                 "x":96,
                 "y":432
                }, 
                {
                 "gid":215,
                 "height":144,
                 "id":64,
                 "name":"",
                 "rotation":0,
                 "type":"",
                 "visible":true,
                 "width":48,
                 "x":144,
                 "y":384
                }, 
                {
                 "gid":215,
                 "height":144,
                 "id":65,
                 "name":"",
                 "rotation":0,
                 "type":"",
                 "visible":true,
                 "width":48,
                 "x":336,
                 "y":384
                }, 
                {
                 "gid":215,
                 "height":144,
                 "id":66,
                 "name":"",
                 "rotation":0,
                 "type":"",
                 "visible":true,
                 "width":48,
                 "x":384,
                 "y":432
                }, 
                {
                 "gid":215,
                 "height":144,
                 "id":67,
                 "name":"",
                 "rotation":0,
                 "type":"",
                 "visible":true,
                 "width":48,
                 "x":432,
                 "y":480
                }, 
                {
                 "gid":214,
                 "height":144,
                 "id":68,
                 "name":"",
                 "properties":[
                        {
                         "name":"event_on_activate",
                         "type":"string",
                         "value":"pink_otm_transition"
                        }, 
                        {
                         "name":"event_on_activate_kwargs",
                         "type":"string",
                         "value":"{'target_map': 'artist_corridor_sevarihk_2.json', 'x_coord': 5, 'y_coord': 14, 'orientation': 'up', 'transition_out_delay_sound': renpy.store.sevarihk_door_noise}"
                        }],
                 "rotation":0,
                 "type":"",
                 "visible":true,
                 "width":144,
                 "x":192,
                 "y":192
                }],
         "opacity":1,
         "properties":[
                {
                 "name":"layer_type",
                 "type":"string",
                 "value":"sub"
                }, 
                {
                 "name":"z_order",
                 "type":"int",
                 "value":102
                }],
         "type":"objectgroup",
         "visible":true,
         "x":0,
         "y":0
        }, 
        {
         "draworder":"topdown",
         "id":2,
         "name":"dyn_objects_101 (shadows)",
         "objects":[
                {
                 "gid":208,
                 "height":336,
                 "id":19,
                 "name":"",
                 "properties":[
                        {
                         "name":"occultates_as_y",
                         "type":"int",
                         "value":14
                        }],
                 "rotation":0,
                 "type":"",
                 "visible":true,
                 "width":48,
                 "x":48,
                 "y":672
                }, 
                {
                 "gid":208,
                 "height":192,
                 "id":26,
                 "name":"",
                 "rotation":0,
                 "type":"",
                 "visible":true,
                 "width":48,
                 "x":96,
                 "y":480
                }, 
                {
                 "gid":208,
                 "height":192,
                 "id":30,
                 "name":"",
                 "rotation":0,
                 "type":"",
                 "visible":true,
                 "width":48,
                 "x":144,
                 "y":432
                }, 
                {
                 "gid":208,
                 "height":336,
                 "id":43,
                 "name":"",
                 "rotation":0,
                 "type":"",
                 "visible":true,
                 "width":48,
                 "x":192,
                 "y":384
                }],
         "opacity":1,
         "properties":[
                {
                 "name":"layer_type",
                 "type":"string",
                 "value":"dynamic"
                }, 
                {
                 "name":"z_order",
                 "type":"int",
                 "value":101
                }],
         "type":"objectgroup",
         "visible":true,
         "x":0,
         "y":0
        }],
 "nextlayerid":6,
 "nextobjectid":147,
 "orientation":"orthogonal",
 "renderorder":"right-down",
 "tiledversion":"1.7.1",
 "tileheight":48,
 "tilesets":[
        {
         "firstgid":1,
         "source":"..\/tilesets\/sevahrik_48_tiles.json"
        }, 
        {
         "firstgid":207,
         "source":"..\/tilesets\/generic_48.json"
        }, 
        {
         "firstgid":209,
         "source":"..\/tilesets\/sevahrik_48_doodads.json"
        }],
 "tilewidth":48,
 "type":"map",
 "version":"1.6",
 "width":11
}