{"animations": [{"name": "off", "images": ["images\/sprite_collections\/sevahrik evil dungeon fountain blood\/spout_1.png"], "default_speed": 0.1, "image_width": 48, "image_height": 144, "properties": []}, {"name": "on", "images": ["images\/sprite_collections\/sevahrik evil dungeon fountain blood\/spout_9.png", "images\/sprite_collections\/sevahrik evil dungeon fountain blood\/spout_10.png", "images\/sprite_collections\/sevahrik evil dungeon fountain blood\/spout_11.png", "images\/sprite_collections\/sevahrik evil dungeon fountain blood\/spout_10.png"], "default_speed": 0.15, "image_width": 48, "image_height": 144, "properties": []}, {"name": "off_to_on", "images": ["images\/sprite_collections\/sevahrik evil dungeon fountain blood\/spout_1.png", "images\/sprite_collections\/sevahrik evil dungeon fountain blood\/spout_2.png", "images\/sprite_collections\/sevahrik evil dungeon fountain blood\/spout_3.png", "images\/sprite_collections\/sevahrik evil dungeon fountain blood\/spout_4.png", "images\/sprite_collections\/sevahrik evil dungeon fountain blood\/spout_5.png", "images\/sprite_collections\/sevahrik evil dungeon fountain blood\/spout_6.png", "images\/sprite_collections\/sevahrik evil dungeon fountain blood\/spout_7.png", "images\/sprite_collections\/sevahrik evil dungeon fountain blood\/spout_8.png", "images\/sprite_collections\/sevahrik evil dungeon fountain blood\/spout_9.png", "images\/sprite_collections\/sevahrik evil dungeon fountain blood\/spout_10.png", "images\/sprite_collections\/sevahrik evil dungeon fountain blood\/spout_11.png"], "default_speed": 0.15, "image_width": 48, "image_height": 144, "properties": []}, {"name": "on_to_off", "images": ["images\/sprite_collections\/sevahrik evil dungeon fountain blood\/spout_a.png", "images\/sprite_collections\/sevahrik evil dungeon fountain blood\/spout_b.png", "images\/sprite_collections\/sevahrik evil dungeon fountain blood\/spout_c.png", "images\/sprite_collections\/sevahrik evil dungeon fountain blood\/spout_d.png", "images\/sprite_collections\/sevahrik evil dungeon fountain blood\/spout_e.png", "images\/sprite_collections\/sevahrik evil dungeon fountain blood\/spout_f.png", "images\/sprite_collections\/sevahrik evil dungeon fountain blood\/spout_g.png", "images\/sprite_collections\/sevahrik evil dungeon fountain blood\/spout_h.png", "images\/sprite_collections\/sevahrik evil dungeon fountain blood\/spout_i.png", "images\/sprite_collections\/sevahrik evil dungeon fountain blood\/spout_j.png", "images\/sprite_collections\/sevahrik evil dungeon fountain blood\/spout_k.png", "images\/sprite_collections\/sevahrik evil dungeon fountain blood\/spout_l.png"], "default_speed": 0.15, "image_width": 48, "image_height": 144, "properties": []}]}