{ "columns":0,
 "grid":
    {
     "height":1,
     "orientation":"orthogonal",
     "width":1
    },
 "margin":0,
 "name":"generic_icons",
 "spacing":0,
 "tilecount":42,
 "tiledversion":"1.7.1",
 "tileheight":32,
 "tiles":[
        {
         "id":0,
         "image":"..\/..\/images\/tilesets\/generic_icons\/breastplate.png",
         "imageheight":32,
         "imagewidth":32
        }, 
        {
         "id":1,
         "image":"..\/..\/images\/tilesets\/generic_icons\/chat-bubble.png",
         "imageheight":32,
         "imagewidth":32
        }, 
        {
         "id":2,
         "image":"..\/..\/images\/tilesets\/generic_icons\/check-mark.png",
         "imageheight":32,
         "imagewidth":32
        }, 
        {
         "id":3,
         "image":"..\/..\/images\/tilesets\/generic_icons\/click.png",
         "imageheight":32,
         "imagewidth":32
        }, 
        {
         "id":4,
         "image":"..\/..\/images\/tilesets\/generic_icons\/clockwise-rotation.png",
         "imageheight":32,
         "imagewidth":32
        }, 
        {
         "id":5,
         "image":"..\/..\/images\/tilesets\/generic_icons\/cog.png",
         "imageheight":32,
         "imagewidth":32
        }, 
        {
         "id":6,
         "image":"..\/..\/images\/tilesets\/generic_icons\/console-controller.png",
         "imageheight":32,
         "imagewidth":32
        }, 
        {
         "id":7,
         "image":"..\/..\/images\/tilesets\/generic_icons\/conversation.png",
         "imageheight":32,
         "imagewidth":32
        }, 
        {
         "id":8,
         "image":"..\/..\/images\/tilesets\/generic_icons\/dragon-head.png",
         "imageheight":32,
         "imagewidth":32
        }, 
        {
         "id":9,
         "image":"..\/..\/images\/tilesets\/generic_icons\/duration.png",
         "imageheight":32,
         "imagewidth":32
        }, 
        {
         "id":10,
         "image":"..\/..\/images\/tilesets\/generic_icons\/envelope.png",
         "imageheight":32,
         "imagewidth":32
        }, 
        {
         "id":11,
         "image":"..\/..\/images\/tilesets\/generic_icons\/fast-backward-button.png",
         "imageheight":32,
         "imagewidth":32
        }, 
        {
         "id":12,
         "image":"..\/..\/images\/tilesets\/generic_icons\/fast-forward-button.png",
         "imageheight":32,
         "imagewidth":32
        }, 
        {
         "id":13,
         "image":"..\/..\/images\/tilesets\/generic_icons\/film-projector.png",
         "imageheight":32,
         "imagewidth":32
        }, 
        {
         "id":14,
         "image":"..\/..\/images\/tilesets\/generic_icons\/house.png",
         "imageheight":32,
         "imagewidth":32
        }, 
        {
         "id":15,
         "image":"..\/..\/images\/tilesets\/generic_icons\/id-card.png",
         "imageheight":32,
         "imagewidth":32
        }, 
        {
         "id":16,
         "image":"..\/..\/images\/tilesets\/generic_icons\/infinity.png",
         "imageheight":32,
         "imagewidth":32
        }, 
        {
         "id":17,
         "image":"..\/..\/images\/tilesets\/generic_icons\/info.png",
         "imageheight":32,
         "imagewidth":32
        }, 
        {
         "id":18,
         "image":"..\/..\/images\/tilesets\/generic_icons\/keyboard.png",
         "imageheight":32,
         "imagewidth":32
        }, 
        {
         "id":19,
         "image":"..\/..\/images\/tilesets\/generic_icons\/locked-chest.png",
         "imageheight":32,
         "imagewidth":32
        }, 
        {
         "id":20,
         "image":"..\/..\/images\/tilesets\/generic_icons\/magic-gate.png",
         "imageheight":32,
         "imagewidth":32
        }, 
        {
         "id":21,
         "image":"..\/..\/images\/tilesets\/generic_icons\/magnifying-glass.png",
         "imageheight":32,
         "imagewidth":32
        }, 
        {
         "id":22,
         "image":"..\/..\/images\/tilesets\/generic_icons\/mouse.png",
         "imageheight":32,
         "imagewidth":32
        }, 
        {
         "id":23,
         "image":"..\/..\/images\/tilesets\/generic_icons\/next-button.png",
         "imageheight":32,
         "imagewidth":32
        }, 
        {
         "id":24,
         "image":"..\/..\/images\/tilesets\/generic_icons\/open-book.png",
         "imageheight":32,
         "imagewidth":32
        }, 
        {
         "id":25,
         "image":"..\/..\/images\/tilesets\/generic_icons\/open-folder.png",
         "imageheight":32,
         "imagewidth":32
        }, 
        {
         "id":26,
         "image":"..\/..\/images\/tilesets\/generic_icons\/palette.png",
         "imageheight":32,
         "imagewidth":32
        }, 
        {
         "id":27,
         "image":"..\/..\/images\/tilesets\/generic_icons\/photo-camera.png",
         "imageheight":32,
         "imagewidth":32
        }, 
        {
         "id":28,
         "image":"..\/..\/images\/tilesets\/generic_icons\/pin.png",
         "imageheight":32,
         "imagewidth":32
        }, 
        {
         "id":29,
         "image":"..\/..\/images\/tilesets\/generic_icons\/position-marker.png",
         "imageheight":32,
         "imagewidth":32
        }, 
        {
         "id":30,
         "image":"..\/..\/images\/tilesets\/generic_icons\/previous-button.png",
         "imageheight":32,
         "imagewidth":32
        }, 
        {
         "id":31,
         "image":"..\/..\/images\/tilesets\/generic_icons\/save.png",
         "imageheight":32,
         "imagewidth":32
        }, 
        {
         "id":32,
         "image":"..\/..\/images\/tilesets\/generic_icons\/shopping-cart.png",
         "imageheight":32,
         "imagewidth":32
        }, 
        {
         "id":33,
         "image":"..\/..\/images\/tilesets\/generic_icons\/smartphone.png",
         "imageheight":32,
         "imagewidth":32
        }, 
        {
         "id":34,
         "image":"..\/..\/images\/tilesets\/generic_icons\/speaker.png",
         "imageheight":32,
         "imagewidth":32
        }, 
        {
         "id":35,
         "image":"..\/..\/images\/tilesets\/generic_icons\/stiletto.png",
         "imageheight":32,
         "imagewidth":32
        }, 
        {
         "id":36,
         "image":"..\/..\/images\/tilesets\/generic_icons\/stop-sign.png",
         "imageheight":32,
         "imagewidth":32
        }, 
        {
         "id":37,
         "image":"..\/..\/images\/tilesets\/generic_icons\/tablet.png",
         "imageheight":32,
         "imagewidth":32
        }, 
        {
         "id":38,
         "image":"..\/..\/images\/tilesets\/generic_icons\/tombstone.png",
         "imageheight":32,
         "imagewidth":32
        }, 
        {
         "id":39,
         "image":"..\/..\/images\/tilesets\/generic_icons\/trash-can.png",
         "imageheight":32,
         "imagewidth":32
        }, 
        {
         "id":40,
         "image":"..\/..\/images\/tilesets\/generic_icons\/door.png",
         "imageheight":32,
         "imagewidth":32
        }, 
        {
         "id":41,
         "image":"..\/..\/images\/tilesets\/generic_icons\/person.png",
         "imageheight":32,
         "imagewidth":32
        }],
 "tilewidth":32,
 "type":"tileset",
 "version":"1.6"
}