{ "columns":0,
 "grid":
    {
     "height":1,
     "orientation":"orthogonal",
     "width":1
    },
 "margin":0,
 "name":"generic_48",
 "spacing":0,
 "tilecount":2,
 "tiledversion":"1.3.3",
 "tileheight":48,
 "tiles":[
        {
         "id":0,
         "image":"..\/..\/images\/tilesets\/generic_48\/empty_48.png",
         "imageheight":48,
         "imagewidth":48
        }, 
        {
         "id":1,
         "image":"..\/..\/images\/tilesets\/generic_48\/shadow_48.png",
         "imageheight":48,
         "imagewidth":48
        }],
 "tilewidth":48,
 "type":"tileset",
 "version":1.2
}