{ "columns":0,
 "grid":
    {
     "height":1,
     "orientation":"orthogonal",
     "width":1
    },
 "margin":0,
 "name":"generic_tiles",
 "spacing":0,
 "tilecount":19,
 "tiledversion":"1.9.2",
 "tileheight":64,
 "tiles":[
        {
         "id":0,
         "image":"..\/..\/images\/tilesets\/generic_tiles\/0000ff.png",
         "imageheight":64,
         "imagewidth":64
        }, 
        {
         "id":1,
         "image":"..\/..\/images\/tilesets\/generic_tiles\/00ff00.png",
         "imageheight":64,
         "imagewidth":64
        }, 
        {
         "id":2,
         "image":"..\/..\/images\/tilesets\/generic_tiles\/00ff80.png",
         "imageheight":64,
         "imagewidth":64
        }, 
        {
         "id":3,
         "image":"..\/..\/images\/tilesets\/generic_tiles\/00ffff.png",
         "imageheight":64,
         "imagewidth":64
        }, 
        {
         "id":4,
         "image":"..\/..\/images\/tilesets\/generic_tiles\/000080.png",
         "imageheight":64,
         "imagewidth":64
        }, 
        {
         "id":5,
         "image":"..\/..\/images\/tilesets\/generic_tiles\/0080ff.png",
         "imageheight":64,
         "imagewidth":64
        }, 
        {
         "id":6,
         "image":"..\/..\/images\/tilesets\/generic_tiles\/80ff00.png",
         "imageheight":64,
         "imagewidth":64
        }, 
        {
         "id":7,
         "image":"..\/..\/images\/tilesets\/generic_tiles\/008000.png",
         "imageheight":64,
         "imagewidth":64
        }, 
        {
         "id":8,
         "image":"..\/..\/images\/tilesets\/generic_tiles\/8000ff.png",
         "imageheight":64,
         "imagewidth":64
        }, 
        {
         "id":9,
         "image":"..\/..\/images\/tilesets\/generic_tiles\/008080.png",
         "imageheight":64,
         "imagewidth":64
        }, 
        {
         "id":10,
         "image":"..\/..\/images\/tilesets\/generic_tiles\/800000.png",
         "imageheight":64,
         "imagewidth":64
        }, 
        {
         "id":11,
         "image":"..\/..\/images\/tilesets\/generic_tiles\/800080.png",
         "imageheight":64,
         "imagewidth":64
        }, 
        {
         "id":12,
         "image":"..\/..\/images\/tilesets\/generic_tiles\/808000.png",
         "imageheight":64,
         "imagewidth":64
        }, 
        {
         "id":13,
         "image":"..\/..\/images\/tilesets\/generic_tiles\/ff0000.png",
         "imageheight":64,
         "imagewidth":64
        }, 
        {
         "id":14,
         "image":"..\/..\/images\/tilesets\/generic_tiles\/ff00ff.png",
         "imageheight":64,
         "imagewidth":64
        }, 
        {
         "id":15,
         "image":"..\/..\/images\/tilesets\/generic_tiles\/ff0080.png",
         "imageheight":64,
         "imagewidth":64
        }, 
        {
         "id":16,
         "image":"..\/..\/images\/tilesets\/generic_tiles\/ff8000.png",
         "imageheight":64,
         "imagewidth":64
        }, 
        {
         "id":17,
         "image":"..\/..\/images\/tilesets\/generic_tiles\/ffff00.png",
         "imageheight":64,
         "imagewidth":64
        }, 
        {
         "id":18,
         "image":"..\/..\/images\/tilesets\/generic_tiles\/000000.png",
         "imageheight":64,
         "imagewidth":64
        }],
 "tilewidth":64,
 "type":"tileset",
 "version":"1.9"
}