{ "columns":0,
 "grid":
    {
     "height":1,
     "orientation":"orthogonal",
     "width":1
    },
 "margin":0,
 "name":"kenney_iso_tiles",
 "spacing":0,
 "tilecount":432,
 "tiledversion":"1.4.2",
 "tileheight":512,
 "tiles":[
        {
         "id":0,
         "image":"..\/..\/images\/tilesets\/kenney_iso_tiles\/kenney_iso_bookcaseHalfBooks_N.png",
         "imageheight":512,
         "imagewidth":256
        }, 
        {
         "id":1,
         "image":"..\/..\/images\/tilesets\/kenney_iso_tiles\/kenney_iso_bookcaseHalfBooks_S.png",
         "imageheight":512,
         "imagewidth":256
        }, 
        {
         "id":2,
         "image":"..\/..\/images\/tilesets\/kenney_iso_tiles\/kenney_iso_bookcaseHalfBooks_W.png",
         "imageheight":512,
         "imagewidth":256
        }, 
        {
         "id":3,
         "image":"..\/..\/images\/tilesets\/kenney_iso_tiles\/kenney_iso_bookcaseHalfEmpty_E.png",
         "imageheight":512,
         "imagewidth":256
        }, 
        {
         "id":4,
         "image":"..\/..\/images\/tilesets\/kenney_iso_tiles\/kenney_iso_bookcaseHalfEmpty_N.png",
         "imageheight":512,
         "imagewidth":256
        }, 
        {
         "id":5,
         "image":"..\/..\/images\/tilesets\/kenney_iso_tiles\/kenney_iso_bookcaseHalfEmpty_S.png",
         "imageheight":512,
         "imagewidth":256
        }, 
        {
         "id":6,
         "image":"..\/..\/images\/tilesets\/kenney_iso_tiles\/kenney_iso_bookcaseHalfEmpty_W.png",
         "imageheight":512,
         "imagewidth":256
        }, 
        {
         "id":7,
         "image":"..\/..\/images\/tilesets\/kenney_iso_tiles\/kenney_iso_bookcaseHalfWideBooks_E.png",
         "imageheight":512,
         "imagewidth":256
        }, 
        {
         "id":8,
         "image":"..\/..\/images\/tilesets\/kenney_iso_tiles\/kenney_iso_bookcaseHalfWideBooks_N.png",
         "imageheight":512,
         "imagewidth":256
        }, 
        {
         "id":9,
         "image":"..\/..\/images\/tilesets\/kenney_iso_tiles\/kenney_iso_bookcaseHalfWideBooks_S.png",
         "imageheight":512,
         "imagewidth":256
        }, 
        {
         "id":10,
         "image":"..\/..\/images\/tilesets\/kenney_iso_tiles\/kenney_iso_bookcaseHalfWideBooks_W.png",
         "imageheight":512,
         "imagewidth":256
        }, 
        {
         "id":11,
         "image":"..\/..\/images\/tilesets\/kenney_iso_tiles\/kenney_iso_bookcaseHalfWideEmpty_E.png",
         "imageheight":512,
         "imagewidth":256
        }, 
        {
         "id":12,
         "image":"..\/..\/images\/tilesets\/kenney_iso_tiles\/kenney_iso_bookcaseHalfWideEmpty_N.png",
         "imageheight":512,
         "imagewidth":256
        }, 
        {
         "id":13,
         "image":"..\/..\/images\/tilesets\/kenney_iso_tiles\/kenney_iso_bookcaseHalfWideEmpty_S.png",
         "imageheight":512,
         "imagewidth":256
        }, 
        {
         "id":14,
         "image":"..\/..\/images\/tilesets\/kenney_iso_tiles\/kenney_iso_bookcaseHalfWideEmpty_W.png",
         "imageheight":512,
         "imagewidth":256
        }, 
        {
         "id":15,
         "image":"..\/..\/images\/tilesets\/kenney_iso_tiles\/kenney_iso_bookcaseWideBooks_E.png",
         "imageheight":512,
         "imagewidth":256
        }, 
        {
         "id":16,
         "image":"..\/..\/images\/tilesets\/kenney_iso_tiles\/kenney_iso_bookcaseWideBooks_N.png",
         "imageheight":512,
         "imagewidth":256
        }, 
        {
         "id":17,
         "image":"..\/..\/images\/tilesets\/kenney_iso_tiles\/kenney_iso_bookcaseWideBooks_S.png",
         "imageheight":512,
         "imagewidth":256
        }, 
        {
         "id":18,
         "image":"..\/..\/images\/tilesets\/kenney_iso_tiles\/kenney_iso_bookcaseWideBooks_W.png",
         "imageheight":512,
         "imagewidth":256
        }, 
        {
         "id":19,
         "image":"..\/..\/images\/tilesets\/kenney_iso_tiles\/kenney_iso_bookcaseWideBooksDesk_E.png",
         "imageheight":512,
         "imagewidth":256
        }, 
        {
         "id":20,
         "image":"..\/..\/images\/tilesets\/kenney_iso_tiles\/kenney_iso_bookcaseWideBooksDesk_N.png",
         "imageheight":512,
         "imagewidth":256
        }, 
        {
         "id":21,
         "image":"..\/..\/images\/tilesets\/kenney_iso_tiles\/kenney_iso_bookcaseWideBooksDesk_S.png",
         "imageheight":512,
         "imagewidth":256
        }, 
        {
         "id":22,
         "image":"..\/..\/images\/tilesets\/kenney_iso_tiles\/kenney_iso_bookcaseWideBooksDesk_W.png",
         "imageheight":512,
         "imagewidth":256
        }, 
        {
         "id":23,
         "image":"..\/..\/images\/tilesets\/kenney_iso_tiles\/kenney_iso_bookcaseWideBooksLadder_E.png",
         "imageheight":512,
         "imagewidth":256
        }, 
        {
         "id":24,
         "image":"..\/..\/images\/tilesets\/kenney_iso_tiles\/kenney_iso_bookcaseWideBooksLadder_N.png",
         "imageheight":512,
         "imagewidth":256
        }, 
        {
         "id":25,
         "image":"..\/..\/images\/tilesets\/kenney_iso_tiles\/kenney_iso_bookcaseWideBooksLadder_S.png",
         "imageheight":512,
         "imagewidth":256
        }, 
        {
         "id":26,
         "image":"..\/..\/images\/tilesets\/kenney_iso_tiles\/kenney_iso_bookcaseWideBooksLadder_W.png",
         "imageheight":512,
         "imagewidth":256
        }, 
        {
         "id":27,
         "image":"..\/..\/images\/tilesets\/kenney_iso_tiles\/kenney_iso_bookcaseWideEmpty_E.png",
         "imageheight":512,
         "imagewidth":256
        }, 
        {
         "id":28,
         "image":"..\/..\/images\/tilesets\/kenney_iso_tiles\/kenney_iso_bookcaseWideEmpty_N.png",
         "imageheight":512,
         "imagewidth":256
        }, 
        {
         "id":29,
         "image":"..\/..\/images\/tilesets\/kenney_iso_tiles\/kenney_iso_bookcaseWideEmpty_S.png",
         "imageheight":512,
         "imagewidth":256
        }, 
        {
         "id":30,
         "image":"..\/..\/images\/tilesets\/kenney_iso_tiles\/kenney_iso_bookcaseWideEmpty_W.png",
         "imageheight":512,
         "imagewidth":256
        }, 
        {
         "id":31,
         "image":"..\/..\/images\/tilesets\/kenney_iso_tiles\/kenney_iso_bookcaseWideEmptyLadder_E.png",
         "imageheight":512,
         "imagewidth":256
        }, 
        {
         "id":32,
         "image":"..\/..\/images\/tilesets\/kenney_iso_tiles\/kenney_iso_bookcaseWideEmptyLadder_N.png",
         "imageheight":512,
         "imagewidth":256
        }, 
        {
         "id":33,
         "image":"..\/..\/images\/tilesets\/kenney_iso_tiles\/kenney_iso_bookcaseWideEmptyLadder_S.png",
         "imageheight":512,
         "imagewidth":256
        }, 
        {
         "id":34,
         "image":"..\/..\/images\/tilesets\/kenney_iso_tiles\/kenney_iso_bookcaseWideEmptyLadder_W.png",
         "imageheight":512,
         "imagewidth":256
        }, 
        {
         "id":35,
         "image":"..\/..\/images\/tilesets\/kenney_iso_tiles\/kenney_iso_bookStand_E.png",
         "imageheight":512,
         "imagewidth":256
        }, 
        {
         "id":36,
         "image":"..\/..\/images\/tilesets\/kenney_iso_tiles\/kenney_iso_bookStand_N.png",
         "imageheight":512,
         "imagewidth":256
        }, 
        {
         "id":37,
         "image":"..\/..\/images\/tilesets\/kenney_iso_tiles\/kenney_iso_bookStand_S.png",
         "imageheight":512,
         "imagewidth":256
        }, 
        {
         "id":38,
         "image":"..\/..\/images\/tilesets\/kenney_iso_tiles\/kenney_iso_bookStand_W.png",
         "imageheight":512,
         "imagewidth":256
        }, 
        {
         "id":39,
         "image":"..\/..\/images\/tilesets\/kenney_iso_tiles\/kenney_iso_bookStandEmpty_E.png",
         "imageheight":512,
         "imagewidth":256
        }, 
        {
         "id":40,
         "image":"..\/..\/images\/tilesets\/kenney_iso_tiles\/kenney_iso_bookStandEmpty_N.png",
         "imageheight":512,
         "imagewidth":256
        }, 
        {
         "id":41,
         "image":"..\/..\/images\/tilesets\/kenney_iso_tiles\/kenney_iso_bookStandEmpty_S.png",
         "imageheight":512,
         "imagewidth":256
        }, 
        {
         "id":42,
         "image":"..\/..\/images\/tilesets\/kenney_iso_tiles\/kenney_iso_bookStandEmpty_W.png",
         "imageheight":512,
         "imagewidth":256
        }, 
        {
         "id":43,
         "image":"..\/..\/images\/tilesets\/kenney_iso_tiles\/kenney_iso_bridge_E.png",
         "imageheight":512,
         "imagewidth":256
        }, 
        {
         "id":44,
         "image":"..\/..\/images\/tilesets\/kenney_iso_tiles\/kenney_iso_bridge_N.png",
         "imageheight":512,
         "imagewidth":256
        }, 
        {
         "id":45,
         "image":"..\/..\/images\/tilesets\/kenney_iso_tiles\/kenney_iso_bridge_S.png",
         "imageheight":512,
         "imagewidth":256
        }, 
        {
         "id":46,
         "image":"..\/..\/images\/tilesets\/kenney_iso_tiles\/kenney_iso_bridge_W.png",
         "imageheight":512,
         "imagewidth":256
        }, 
        {
         "id":47,
         "image":"..\/..\/images\/tilesets\/kenney_iso_tiles\/kenney_iso_bridgeBroken_E.png",
         "imageheight":512,
         "imagewidth":256
        }, 
        {
         "id":48,
         "image":"..\/..\/images\/tilesets\/kenney_iso_tiles\/kenney_iso_bridgeBroken_N.png",
         "imageheight":512,
         "imagewidth":256
        }, 
        {
         "id":49,
         "image":"..\/..\/images\/tilesets\/kenney_iso_tiles\/kenney_iso_bridgeBroken_S.png",
         "imageheight":512,
         "imagewidth":256
        }, 
        {
         "id":50,
         "image":"..\/..\/images\/tilesets\/kenney_iso_tiles\/kenney_iso_bridgeBroken_W.png",
         "imageheight":512,
         "imagewidth":256
        }, 
        {
         "id":51,
         "image":"..\/..\/images\/tilesets\/kenney_iso_tiles\/kenney_iso_candleStand_E.png",
         "imageheight":512,
         "imagewidth":256
        }, 
        {
         "id":52,
         "image":"..\/..\/images\/tilesets\/kenney_iso_tiles\/kenney_iso_candleStand_N.png",
         "imageheight":512,
         "imagewidth":256
        }, 
        {
         "id":53,
         "image":"..\/..\/images\/tilesets\/kenney_iso_tiles\/kenney_iso_candleStand_S.png",
         "imageheight":512,
         "imagewidth":256
        }, 
        {
         "id":54,
         "image":"..\/..\/images\/tilesets\/kenney_iso_tiles\/kenney_iso_candleStand_W.png",
         "imageheight":512,
         "imagewidth":256
        }, 
        {
         "id":55,
         "image":"..\/..\/images\/tilesets\/kenney_iso_tiles\/kenney_iso_candleStandDouble_E.png",
         "imageheight":512,
         "imagewidth":256
        }, 
        {
         "id":56,
         "image":"..\/..\/images\/tilesets\/kenney_iso_tiles\/kenney_iso_candleStandDouble_N.png",
         "imageheight":512,
         "imagewidth":256
        }, 
        {
         "id":57,
         "image":"..\/..\/images\/tilesets\/kenney_iso_tiles\/kenney_iso_candleStandDouble_S.png",
         "imageheight":512,
         "imagewidth":256
        }, 
        {
         "id":58,
         "image":"..\/..\/images\/tilesets\/kenney_iso_tiles\/kenney_iso_candleStandDouble_W.png",
         "imageheight":512,
         "imagewidth":256
        }, 
        {
         "id":59,
         "image":"..\/..\/images\/tilesets\/kenney_iso_tiles\/kenney_iso_chair_E.png",
         "imageheight":512,
         "imagewidth":256
        }, 
        {
         "id":60,
         "image":"..\/..\/images\/tilesets\/kenney_iso_tiles\/kenney_iso_chair_N.png",
         "imageheight":512,
         "imagewidth":256
        }, 
        {
         "id":61,
         "image":"..\/..\/images\/tilesets\/kenney_iso_tiles\/kenney_iso_chair_S.png",
         "imageheight":512,
         "imagewidth":256
        }, 
        {
         "id":62,
         "image":"..\/..\/images\/tilesets\/kenney_iso_tiles\/kenney_iso_chair_W.png",
         "imageheight":512,
         "imagewidth":256
        }, 
        {
         "id":63,
         "image":"..\/..\/images\/tilesets\/kenney_iso_tiles\/kenney_iso_chestClosed_E.png",
         "imageheight":512,
         "imagewidth":256
        }, 
        {
         "id":64,
         "image":"..\/..\/images\/tilesets\/kenney_iso_tiles\/kenney_iso_chestClosed_N.png",
         "imageheight":512,
         "imagewidth":256
        }, 
        {
         "id":65,
         "image":"..\/..\/images\/tilesets\/kenney_iso_tiles\/kenney_iso_chestClosed_S.png",
         "imageheight":512,
         "imagewidth":256
        }, 
        {
         "id":66,
         "image":"..\/..\/images\/tilesets\/kenney_iso_tiles\/kenney_iso_chestClosed_W.png",
         "imageheight":512,
         "imagewidth":256
        }, 
        {
         "id":67,
         "image":"..\/..\/images\/tilesets\/kenney_iso_tiles\/kenney_iso_chestOpen_E.png",
         "imageheight":512,
         "imagewidth":256
        }, 
        {
         "id":68,
         "image":"..\/..\/images\/tilesets\/kenney_iso_tiles\/kenney_iso_chestOpen_N.png",
         "imageheight":512,
         "imagewidth":256
        }, 
        {
         "id":69,
         "image":"..\/..\/images\/tilesets\/kenney_iso_tiles\/kenney_iso_chestOpen_S.png",
         "imageheight":512,
         "imagewidth":256
        }, 
        {
         "id":70,
         "image":"..\/..\/images\/tilesets\/kenney_iso_tiles\/kenney_iso_chestOpen_W.png",
         "imageheight":512,
         "imagewidth":256
        }, 
        {
         "id":71,
         "image":"..\/..\/images\/tilesets\/kenney_iso_tiles\/kenney_iso_dirt_E.png",
         "imageheight":512,
         "imagewidth":256
        }, 
        {
         "id":72,
         "image":"..\/..\/images\/tilesets\/kenney_iso_tiles\/kenney_iso_dirt_N.png",
         "imageheight":512,
         "imagewidth":256
        }, 
        {
         "id":73,
         "image":"..\/..\/images\/tilesets\/kenney_iso_tiles\/kenney_iso_dirt_S.png",
         "imageheight":512,
         "imagewidth":256
        }, 
        {
         "id":74,
         "image":"..\/..\/images\/tilesets\/kenney_iso_tiles\/kenney_iso_dirt_W.png",
         "imageheight":512,
         "imagewidth":256
        }, 
        {
         "id":75,
         "image":"..\/..\/images\/tilesets\/kenney_iso_tiles\/kenney_iso_dirtTiles_E.png",
         "imageheight":512,
         "imagewidth":256
        }, 
        {
         "id":76,
         "image":"..\/..\/images\/tilesets\/kenney_iso_tiles\/kenney_iso_dirtTiles_N.png",
         "imageheight":512,
         "imagewidth":256
        }, 
        {
         "id":77,
         "image":"..\/..\/images\/tilesets\/kenney_iso_tiles\/kenney_iso_dirtTiles_S.png",
         "imageheight":512,
         "imagewidth":256
        }, 
        {
         "id":78,
         "image":"..\/..\/images\/tilesets\/kenney_iso_tiles\/kenney_iso_dirtTiles_W.png",
         "imageheight":512,
         "imagewidth":256
        }, 
        {
         "id":79,
         "image":"..\/..\/images\/tilesets\/kenney_iso_tiles\/kenney_iso_displayCase_E.png",
         "imageheight":512,
         "imagewidth":256
        }, 
        {
         "id":80,
         "image":"..\/..\/images\/tilesets\/kenney_iso_tiles\/kenney_iso_displayCase_N.png",
         "imageheight":512,
         "imagewidth":256
        }, 
        {
         "id":81,
         "image":"..\/..\/images\/tilesets\/kenney_iso_tiles\/kenney_iso_displayCase_S.png",
         "imageheight":512,
         "imagewidth":256
        }, 
        {
         "id":82,
         "image":"..\/..\/images\/tilesets\/kenney_iso_tiles\/kenney_iso_displayCase_W.png",
         "imageheight":512,
         "imagewidth":256
        }, 
        {
         "id":83,
         "image":"..\/..\/images\/tilesets\/kenney_iso_tiles\/kenney_iso_displayCaseBooks_E.png",
         "imageheight":512,
         "imagewidth":256
        }, 
        {
         "id":84,
         "image":"..\/..\/images\/tilesets\/kenney_iso_tiles\/kenney_iso_displayCaseBooks_N.png",
         "imageheight":512,
         "imagewidth":256
        }, 
        {
         "id":85,
         "image":"..\/..\/images\/tilesets\/kenney_iso_tiles\/kenney_iso_displayCaseBooks_S.png",
         "imageheight":512,
         "imagewidth":256
        }, 
        {
         "id":86,
         "image":"..\/..\/images\/tilesets\/kenney_iso_tiles\/kenney_iso_displayCaseBooks_W.png",
         "imageheight":512,
         "imagewidth":256
        }, 
        {
         "id":87,
         "image":"..\/..\/images\/tilesets\/kenney_iso_tiles\/kenney_iso_displayCaseOpen_E.png",
         "imageheight":512,
         "imagewidth":256
        }, 
        {
         "id":88,
         "image":"..\/..\/images\/tilesets\/kenney_iso_tiles\/kenney_iso_displayCaseOpen_N.png",
         "imageheight":512,
         "imagewidth":256
        }, 
        {
         "id":89,
         "image":"..\/..\/images\/tilesets\/kenney_iso_tiles\/kenney_iso_displayCaseOpen_S.png",
         "imageheight":512,
         "imagewidth":256
        }, 
        {
         "id":90,
         "image":"..\/..\/images\/tilesets\/kenney_iso_tiles\/kenney_iso_displayCaseOpen_W.png",
         "imageheight":512,
         "imagewidth":256
        }, 
        {
         "id":91,
         "image":"..\/..\/images\/tilesets\/kenney_iso_tiles\/kenney_iso_displayCaseSword_E.png",
         "imageheight":512,
         "imagewidth":256
        }, 
        {
         "id":92,
         "image":"..\/..\/images\/tilesets\/kenney_iso_tiles\/kenney_iso_displayCaseSword_N.png",
         "imageheight":512,
         "imagewidth":256
        }, 
        {
         "id":93,
         "image":"..\/..\/images\/tilesets\/kenney_iso_tiles\/kenney_iso_displayCaseSword_S.png",
         "imageheight":512,
         "imagewidth":256
        }, 
        {
         "id":94,
         "image":"..\/..\/images\/tilesets\/kenney_iso_tiles\/kenney_iso_displayCaseSword_W.png",
         "imageheight":512,
         "imagewidth":256
        }, 
        {
         "id":95,
         "image":"..\/..\/images\/tilesets\/kenney_iso_tiles\/kenney_iso_floorCarpet_E.png",
         "imageheight":512,
         "imagewidth":256
        }, 
        {
         "id":96,
         "image":"..\/..\/images\/tilesets\/kenney_iso_tiles\/kenney_iso_floorCarpet_N.png",
         "imageheight":512,
         "imagewidth":256
        }, 
        {
         "id":97,
         "image":"..\/..\/images\/tilesets\/kenney_iso_tiles\/kenney_iso_floorCarpet_S.png",
         "imageheight":512,
         "imagewidth":256
        }, 
        {
         "id":98,
         "image":"..\/..\/images\/tilesets\/kenney_iso_tiles\/kenney_iso_floorCarpet_W.png",
         "imageheight":512,
         "imagewidth":256
        }, 
        {
         "id":99,
         "image":"..\/..\/images\/tilesets\/kenney_iso_tiles\/kenney_iso_floorCarpetEnd_E.png",
         "imageheight":512,
         "imagewidth":256
        }, 
        {
         "id":100,
         "image":"..\/..\/images\/tilesets\/kenney_iso_tiles\/kenney_iso_floorCarpetEnd_N.png",
         "imageheight":512,
         "imagewidth":256
        }, 
        {
         "id":101,
         "image":"..\/..\/images\/tilesets\/kenney_iso_tiles\/kenney_iso_floorCarpetEnd_S.png",
         "imageheight":512,
         "imagewidth":256
        }, 
        {
         "id":102,
         "image":"..\/..\/images\/tilesets\/kenney_iso_tiles\/kenney_iso_floorCarpetEnd_W.png",
         "imageheight":512,
         "imagewidth":256
        }, 
        {
         "id":103,
         "image":"..\/..\/images\/tilesets\/kenney_iso_tiles\/kenney_iso_floorCarpetSmall_E.png",
         "imageheight":512,
         "imagewidth":256
        }, 
        {
         "id":104,
         "image":"..\/..\/images\/tilesets\/kenney_iso_tiles\/kenney_iso_floorCarpetSmall_N.png",
         "imageheight":512,
         "imagewidth":256
        }, 
        {
         "id":105,
         "image":"..\/..\/images\/tilesets\/kenney_iso_tiles\/kenney_iso_floorCarpetSmall_S.png",
         "imageheight":512,
         "imagewidth":256
        }, 
        {
         "id":106,
         "image":"..\/..\/images\/tilesets\/kenney_iso_tiles\/kenney_iso_floorCarpetSmall_W.png",
         "imageheight":512,
         "imagewidth":256
        }, 
        {
         "id":107,
         "image":"..\/..\/images\/tilesets\/kenney_iso_tiles\/kenney_iso_libraryChair_E.png",
         "imageheight":512,
         "imagewidth":256
        }, 
        {
         "id":108,
         "image":"..\/..\/images\/tilesets\/kenney_iso_tiles\/kenney_iso_libraryChair_N.png",
         "imageheight":512,
         "imagewidth":256
        }, 
        {
         "id":109,
         "image":"..\/..\/images\/tilesets\/kenney_iso_tiles\/kenney_iso_libraryChair_S.png",
         "imageheight":512,
         "imagewidth":256
        }, 
        {
         "id":110,
         "image":"..\/..\/images\/tilesets\/kenney_iso_tiles\/kenney_iso_libraryChair_W.png",
         "imageheight":512,
         "imagewidth":256
        }, 
        {
         "id":111,
         "image":"..\/..\/images\/tilesets\/kenney_iso_tiles\/kenney_iso_longTable_E.png",
         "imageheight":512,
         "imagewidth":256
        }, 
        {
         "id":112,
         "image":"..\/..\/images\/tilesets\/kenney_iso_tiles\/kenney_iso_longTable_N.png",
         "imageheight":512,
         "imagewidth":256
        }, 
        {
         "id":113,
         "image":"..\/..\/images\/tilesets\/kenney_iso_tiles\/kenney_iso_longTable_S.png",
         "imageheight":512,
         "imagewidth":256
        }, 
        {
         "id":114,
         "image":"..\/..\/images\/tilesets\/kenney_iso_tiles\/kenney_iso_longTable_W.png",
         "imageheight":512,
         "imagewidth":256
        }, 
        {
         "id":115,
         "image":"..\/..\/images\/tilesets\/kenney_iso_tiles\/kenney_iso_longTableChairs_E.png",
         "imageheight":512,
         "imagewidth":256
        }, 
        {
         "id":116,
         "image":"..\/..\/images\/tilesets\/kenney_iso_tiles\/kenney_iso_longTableChairs_N.png",
         "imageheight":512,
         "imagewidth":256
        }, 
        {
         "id":117,
         "image":"..\/..\/images\/tilesets\/kenney_iso_tiles\/kenney_iso_longTableChairs_S.png",
         "imageheight":512,
         "imagewidth":256
        }, 
        {
         "id":118,
         "image":"..\/..\/images\/tilesets\/kenney_iso_tiles\/kenney_iso_longTableChairs_W.png",
         "imageheight":512,
         "imagewidth":256
        }, 
        {
         "id":119,
         "image":"..\/..\/images\/tilesets\/kenney_iso_tiles\/kenney_iso_longTableDecorated_E.png",
         "imageheight":512,
         "imagewidth":256
        }, 
        {
         "id":120,
         "image":"..\/..\/images\/tilesets\/kenney_iso_tiles\/kenney_iso_longTableDecorated_N.png",
         "imageheight":512,
         "imagewidth":256
        }, 
        {
         "id":121,
         "image":"..\/..\/images\/tilesets\/kenney_iso_tiles\/kenney_iso_longTableDecorated_S.png",
         "imageheight":512,
         "imagewidth":256
        }, 
        {
         "id":122,
         "image":"..\/..\/images\/tilesets\/kenney_iso_tiles\/kenney_iso_longTableDecorated_W.png",
         "imageheight":512,
         "imagewidth":256
        }, 
        {
         "id":123,
         "image":"..\/..\/images\/tilesets\/kenney_iso_tiles\/kenney_iso_longTableDecoratedChairs_E.png",
         "imageheight":512,
         "imagewidth":256
        }, 
        {
         "id":124,
         "image":"..\/..\/images\/tilesets\/kenney_iso_tiles\/kenney_iso_longTableDecoratedChairs_N.png",
         "imageheight":512,
         "imagewidth":256
        }, 
        {
         "id":125,
         "image":"..\/..\/images\/tilesets\/kenney_iso_tiles\/kenney_iso_longTableDecoratedChairs_S.png",
         "imageheight":512,
         "imagewidth":256
        }, 
        {
         "id":126,
         "image":"..\/..\/images\/tilesets\/kenney_iso_tiles\/kenney_iso_longTableDecoratedChairs_W.png",
         "imageheight":512,
         "imagewidth":256
        }, 
        {
         "id":127,
         "image":"..\/..\/images\/tilesets\/kenney_iso_tiles\/kenney_iso_longTableDecoratedChairsBooks_E.png",
         "imageheight":512,
         "imagewidth":256
        }, 
        {
         "id":128,
         "image":"..\/..\/images\/tilesets\/kenney_iso_tiles\/kenney_iso_longTableDecoratedChairsBooks_N.png",
         "imageheight":512,
         "imagewidth":256
        }, 
        {
         "id":129,
         "image":"..\/..\/images\/tilesets\/kenney_iso_tiles\/kenney_iso_longTableDecoratedChairsBooks_S.png",
         "imageheight":512,
         "imagewidth":256
        }, 
        {
         "id":130,
         "image":"..\/..\/images\/tilesets\/kenney_iso_tiles\/kenney_iso_longTableDecoratedChairsBooks_W.png",
         "imageheight":512,
         "imagewidth":256
        }, 
        {
         "id":131,
         "image":"..\/..\/images\/tilesets\/kenney_iso_tiles\/kenney_iso_longTableLarge_E.png",
         "imageheight":512,
         "imagewidth":256
        }, 
        {
         "id":132,
         "image":"..\/..\/images\/tilesets\/kenney_iso_tiles\/kenney_iso_longTableLarge_N.png",
         "imageheight":512,
         "imagewidth":256
        }, 
        {
         "id":133,
         "image":"..\/..\/images\/tilesets\/kenney_iso_tiles\/kenney_iso_longTableLarge_S.png",
         "imageheight":512,
         "imagewidth":256
        }, 
        {
         "id":134,
         "image":"..\/..\/images\/tilesets\/kenney_iso_tiles\/kenney_iso_longTableLarge_W.png",
         "imageheight":512,
         "imagewidth":256
        }, 
        {
         "id":135,
         "image":"..\/..\/images\/tilesets\/kenney_iso_tiles\/kenney_iso_planks_E.png",
         "imageheight":512,
         "imagewidth":256
        }, 
        {
         "id":136,
         "image":"..\/..\/images\/tilesets\/kenney_iso_tiles\/kenney_iso_planks_N.png",
         "imageheight":512,
         "imagewidth":256
        }, 
        {
         "id":137,
         "image":"..\/..\/images\/tilesets\/kenney_iso_tiles\/kenney_iso_planks_S.png",
         "imageheight":512,
         "imagewidth":256
        }, 
        {
         "id":138,
         "image":"..\/..\/images\/tilesets\/kenney_iso_tiles\/kenney_iso_planks_W.png",
         "imageheight":512,
         "imagewidth":256
        }, 
        {
         "id":139,
         "image":"..\/..\/images\/tilesets\/kenney_iso_tiles\/kenney_iso_planksBroken_E.png",
         "imageheight":512,
         "imagewidth":256
        }, 
        {
         "id":140,
         "image":"..\/..\/images\/tilesets\/kenney_iso_tiles\/kenney_iso_planksBroken_N.png",
         "imageheight":512,
         "imagewidth":256
        }, 
        {
         "id":141,
         "image":"..\/..\/images\/tilesets\/kenney_iso_tiles\/kenney_iso_planksBroken_S.png",
         "imageheight":512,
         "imagewidth":256
        }, 
        {
         "id":142,
         "image":"..\/..\/images\/tilesets\/kenney_iso_tiles\/kenney_iso_planksBroken_W.png",
         "imageheight":512,
         "imagewidth":256
        }, 
        {
         "id":143,
         "image":"..\/..\/images\/tilesets\/kenney_iso_tiles\/kenney_iso_planksHole_E.png",
         "imageheight":512,
         "imagewidth":256
        }, 
        {
         "id":144,
         "image":"..\/..\/images\/tilesets\/kenney_iso_tiles\/kenney_iso_planksHole_N.png",
         "imageheight":512,
         "imagewidth":256
        }, 
        {
         "id":145,
         "image":"..\/..\/images\/tilesets\/kenney_iso_tiles\/kenney_iso_planksHole_S.png",
         "imageheight":512,
         "imagewidth":256
        }, 
        {
         "id":146,
         "image":"..\/..\/images\/tilesets\/kenney_iso_tiles\/kenney_iso_planksHole_W.png",
         "imageheight":512,
         "imagewidth":256
        }, 
        {
         "id":147,
         "image":"..\/..\/images\/tilesets\/kenney_iso_tiles\/kenney_iso_stairs_E.png",
         "imageheight":512,
         "imagewidth":256
        }, 
        {
         "id":148,
         "image":"..\/..\/images\/tilesets\/kenney_iso_tiles\/kenney_iso_stairs_N.png",
         "imageheight":512,
         "imagewidth":256
        }, 
        {
         "id":149,
         "image":"..\/..\/images\/tilesets\/kenney_iso_tiles\/kenney_iso_stairs_S.png",
         "imageheight":512,
         "imagewidth":256
        }, 
        {
         "id":150,
         "image":"..\/..\/images\/tilesets\/kenney_iso_tiles\/kenney_iso_stairs_W.png",
         "imageheight":512,
         "imagewidth":256
        }, 
        {
         "id":151,
         "image":"..\/..\/images\/tilesets\/kenney_iso_tiles\/kenney_iso_stairsAged_E.png",
         "imageheight":512,
         "imagewidth":256
        }, 
        {
         "id":152,
         "image":"..\/..\/images\/tilesets\/kenney_iso_tiles\/kenney_iso_stairsAged_N.png",
         "imageheight":512,
         "imagewidth":256
        }, 
        {
         "id":153,
         "image":"..\/..\/images\/tilesets\/kenney_iso_tiles\/kenney_iso_stairsAged_S.png",
         "imageheight":512,
         "imagewidth":256
        }, 
        {
         "id":154,
         "image":"..\/..\/images\/tilesets\/kenney_iso_tiles\/kenney_iso_stairsAged_W.png",
         "imageheight":512,
         "imagewidth":256
        }, 
        {
         "id":155,
         "image":"..\/..\/images\/tilesets\/kenney_iso_tiles\/kenney_iso_stairsCorner_E.png",
         "imageheight":512,
         "imagewidth":256
        }, 
        {
         "id":156,
         "image":"..\/..\/images\/tilesets\/kenney_iso_tiles\/kenney_iso_stairsCorner_N.png",
         "imageheight":512,
         "imagewidth":256
        }, 
        {
         "id":157,
         "image":"..\/..\/images\/tilesets\/kenney_iso_tiles\/kenney_iso_stairsCorner_S.png",
         "imageheight":512,
         "imagewidth":256
        }, 
        {
         "id":158,
         "image":"..\/..\/images\/tilesets\/kenney_iso_tiles\/kenney_iso_stairsCorner_W.png",
         "imageheight":512,
         "imagewidth":256
        }, 
        {
         "id":159,
         "image":"..\/..\/images\/tilesets\/kenney_iso_tiles\/kenney_iso_stairsSpiral_E.png",
         "imageheight":512,
         "imagewidth":256
        }, 
        {
         "id":160,
         "image":"..\/..\/images\/tilesets\/kenney_iso_tiles\/kenney_iso_stairsSpiral_N.png",
         "imageheight":512,
         "imagewidth":256
        }, 
        {
         "id":161,
         "image":"..\/..\/images\/tilesets\/kenney_iso_tiles\/kenney_iso_stairsSpiral_S.png",
         "imageheight":512,
         "imagewidth":256
        }, 
        {
         "id":162,
         "image":"..\/..\/images\/tilesets\/kenney_iso_tiles\/kenney_iso_stairsSpiral_W.png",
         "imageheight":512,
         "imagewidth":256
        }, 
        {
         "id":163,
         "image":"..\/..\/images\/tilesets\/kenney_iso_tiles\/kenney_iso_stone_E.png",
         "imageheight":512,
         "imagewidth":256
        }, 
        {
         "id":164,
         "image":"..\/..\/images\/tilesets\/kenney_iso_tiles\/kenney_iso_stone_N.png",
         "imageheight":512,
         "imagewidth":256
        }, 
        {
         "id":165,
         "image":"..\/..\/images\/tilesets\/kenney_iso_tiles\/kenney_iso_stone_S.png",
         "imageheight":512,
         "imagewidth":256
        }, 
        {
         "id":166,
         "image":"..\/..\/images\/tilesets\/kenney_iso_tiles\/kenney_iso_stone_W.png",
         "imageheight":512,
         "imagewidth":256
        }, 
        {
         "id":167,
         "image":"..\/..\/images\/tilesets\/kenney_iso_tiles\/kenney_iso_stoneColumn_E.png",
         "imageheight":512,
         "imagewidth":256
        }, 
        {
         "id":168,
         "image":"..\/..\/images\/tilesets\/kenney_iso_tiles\/kenney_iso_stoneColumn_N.png",
         "imageheight":512,
         "imagewidth":256
        }, 
        {
         "id":169,
         "image":"..\/..\/images\/tilesets\/kenney_iso_tiles\/kenney_iso_stoneColumn_S.png",
         "imageheight":512,
         "imagewidth":256
        }, 
        {
         "id":170,
         "image":"..\/..\/images\/tilesets\/kenney_iso_tiles\/kenney_iso_stoneColumn_W.png",
         "imageheight":512,
         "imagewidth":256
        }, 
        {
         "id":171,
         "image":"..\/..\/images\/tilesets\/kenney_iso_tiles\/kenney_iso_stoneColumnWood_E.png",
         "imageheight":512,
         "imagewidth":256
        }, 
        {
         "id":172,
         "image":"..\/..\/images\/tilesets\/kenney_iso_tiles\/kenney_iso_stoneColumnWood_N.png",
         "imageheight":512,
         "imagewidth":256
        }, 
        {
         "id":173,
         "image":"..\/..\/images\/tilesets\/kenney_iso_tiles\/kenney_iso_stoneColumnWood_S.png",
         "imageheight":512,
         "imagewidth":256
        }, 
        {
         "id":174,
         "image":"..\/..\/images\/tilesets\/kenney_iso_tiles\/kenney_iso_stoneColumnWood_W.png",
         "imageheight":512,
         "imagewidth":256
        }, 
        {
         "id":175,
         "image":"..\/..\/images\/tilesets\/kenney_iso_tiles\/kenney_iso_stoneCorner_E.png",
         "imageheight":512,
         "imagewidth":256
        }, 
        {
         "id":176,
         "image":"..\/..\/images\/tilesets\/kenney_iso_tiles\/kenney_iso_stoneCorner_N.png",
         "imageheight":512,
         "imagewidth":256
        }, 
        {
         "id":177,
         "image":"..\/..\/images\/tilesets\/kenney_iso_tiles\/kenney_iso_stoneCorner_S.png",
         "imageheight":512,
         "imagewidth":256
        }, 
        {
         "id":178,
         "image":"..\/..\/images\/tilesets\/kenney_iso_tiles\/kenney_iso_stoneCorner_W.png",
         "imageheight":512,
         "imagewidth":256
        }, 
        {
         "id":179,
         "image":"..\/..\/images\/tilesets\/kenney_iso_tiles\/kenney_iso_stoneInset_E.png",
         "imageheight":512,
         "imagewidth":256
        }, 
        {
         "id":180,
         "image":"..\/..\/images\/tilesets\/kenney_iso_tiles\/kenney_iso_stoneInset_N.png",
         "imageheight":512,
         "imagewidth":256
        }, 
        {
         "id":181,
         "image":"..\/..\/images\/tilesets\/kenney_iso_tiles\/kenney_iso_stoneInset_S.png",
         "imageheight":512,
         "imagewidth":256
        }, 
        {
         "id":182,
         "image":"..\/..\/images\/tilesets\/kenney_iso_tiles\/kenney_iso_stoneInset_W.png",
         "imageheight":512,
         "imagewidth":256
        }, 
        {
         "id":183,
         "image":"..\/..\/images\/tilesets\/kenney_iso_tiles\/kenney_iso_stoneLeft_E.png",
         "imageheight":512,
         "imagewidth":256
        }, 
        {
         "id":184,
         "image":"..\/..\/images\/tilesets\/kenney_iso_tiles\/kenney_iso_stoneLeft_N.png",
         "imageheight":512,
         "imagewidth":256
        }, 
        {
         "id":185,
         "image":"..\/..\/images\/tilesets\/kenney_iso_tiles\/kenney_iso_stoneLeft_S.png",
         "imageheight":512,
         "imagewidth":256
        }, 
        {
         "id":186,
         "image":"..\/..\/images\/tilesets\/kenney_iso_tiles\/kenney_iso_stoneLeft_W.png",
         "imageheight":512,
         "imagewidth":256
        }, 
        {
         "id":187,
         "image":"..\/..\/images\/tilesets\/kenney_iso_tiles\/kenney_iso_stoneMissingTiles_E.png",
         "imageheight":512,
         "imagewidth":256
        }, 
        {
         "id":188,
         "image":"..\/..\/images\/tilesets\/kenney_iso_tiles\/kenney_iso_stoneMissingTiles_N.png",
         "imageheight":512,
         "imagewidth":256
        }, 
        {
         "id":189,
         "image":"..\/..\/images\/tilesets\/kenney_iso_tiles\/kenney_iso_stoneMissingTiles_S.png",
         "imageheight":512,
         "imagewidth":256
        }, 
        {
         "id":190,
         "image":"..\/..\/images\/tilesets\/kenney_iso_tiles\/kenney_iso_stoneMissingTiles_W.png",
         "imageheight":512,
         "imagewidth":256
        }, 
        {
         "id":191,
         "image":"..\/..\/images\/tilesets\/kenney_iso_tiles\/kenney_iso_stoneRight_E.png",
         "imageheight":512,
         "imagewidth":256
        }, 
        {
         "id":192,
         "image":"..\/..\/images\/tilesets\/kenney_iso_tiles\/kenney_iso_stoneRight_N.png",
         "imageheight":512,
         "imagewidth":256
        }, 
        {
         "id":193,
         "image":"..\/..\/images\/tilesets\/kenney_iso_tiles\/kenney_iso_stoneRight_S.png",
         "imageheight":512,
         "imagewidth":256
        }, 
        {
         "id":194,
         "image":"..\/..\/images\/tilesets\/kenney_iso_tiles\/kenney_iso_stoneRight_W.png",
         "imageheight":512,
         "imagewidth":256
        }, 
        {
         "id":195,
         "image":"..\/..\/images\/tilesets\/kenney_iso_tiles\/kenney_iso_stoneSide_E.png",
         "imageheight":512,
         "imagewidth":256
        }, 
        {
         "id":196,
         "image":"..\/..\/images\/tilesets\/kenney_iso_tiles\/kenney_iso_stoneSide_N.png",
         "imageheight":512,
         "imagewidth":256
        }, 
        {
         "id":197,
         "image":"..\/..\/images\/tilesets\/kenney_iso_tiles\/kenney_iso_stoneSide_S.png",
         "imageheight":512,
         "imagewidth":256
        }, 
        {
         "id":198,
         "image":"..\/..\/images\/tilesets\/kenney_iso_tiles\/kenney_iso_stoneSide_W.png",
         "imageheight":512,
         "imagewidth":256
        }, 
        {
         "id":199,
         "image":"..\/..\/images\/tilesets\/kenney_iso_tiles\/kenney_iso_stoneSideUneven_E.png",
         "imageheight":512,
         "imagewidth":256
        }, 
        {
         "id":200,
         "image":"..\/..\/images\/tilesets\/kenney_iso_tiles\/kenney_iso_stoneSideUneven_N.png",
         "imageheight":512,
         "imagewidth":256
        }, 
        {
         "id":201,
         "image":"..\/..\/images\/tilesets\/kenney_iso_tiles\/kenney_iso_stoneSideUneven_S.png",
         "imageheight":512,
         "imagewidth":256
        }, 
        {
         "id":202,
         "image":"..\/..\/images\/tilesets\/kenney_iso_tiles\/kenney_iso_stoneSideUneven_W.png",
         "imageheight":512,
         "imagewidth":256
        }, 
        {
         "id":203,
         "image":"..\/..\/images\/tilesets\/kenney_iso_tiles\/kenney_iso_stoneStep_E.png",
         "imageheight":512,
         "imagewidth":256
        }, 
        {
         "id":204,
         "image":"..\/..\/images\/tilesets\/kenney_iso_tiles\/kenney_iso_stoneStep_N.png",
         "imageheight":512,
         "imagewidth":256
        }, 
        {
         "id":205,
         "image":"..\/..\/images\/tilesets\/kenney_iso_tiles\/kenney_iso_stoneStep_S.png",
         "imageheight":512,
         "imagewidth":256
        }, 
        {
         "id":206,
         "image":"..\/..\/images\/tilesets\/kenney_iso_tiles\/kenney_iso_stoneStep_W.png",
         "imageheight":512,
         "imagewidth":256
        }, 
        {
         "id":207,
         "image":"..\/..\/images\/tilesets\/kenney_iso_tiles\/kenney_iso_stoneSteps_E.png",
         "imageheight":512,
         "imagewidth":256
        }, 
        {
         "id":208,
         "image":"..\/..\/images\/tilesets\/kenney_iso_tiles\/kenney_iso_stoneSteps_N.png",
         "imageheight":512,
         "imagewidth":256
        }, 
        {
         "id":209,
         "image":"..\/..\/images\/tilesets\/kenney_iso_tiles\/kenney_iso_stoneSteps_S.png",
         "imageheight":512,
         "imagewidth":256
        }, 
        {
         "id":210,
         "image":"..\/..\/images\/tilesets\/kenney_iso_tiles\/kenney_iso_stoneSteps_W.png",
         "imageheight":512,
         "imagewidth":256
        }, 
        {
         "id":211,
         "image":"..\/..\/images\/tilesets\/kenney_iso_tiles\/kenney_iso_stoneTile_E.png",
         "imageheight":512,
         "imagewidth":256
        }, 
        {
         "id":212,
         "image":"..\/..\/images\/tilesets\/kenney_iso_tiles\/kenney_iso_stoneTile_N.png",
         "imageheight":512,
         "imagewidth":256
        }, 
        {
         "id":213,
         "image":"..\/..\/images\/tilesets\/kenney_iso_tiles\/kenney_iso_stoneTile_S.png",
         "imageheight":512,
         "imagewidth":256
        }, 
        {
         "id":214,
         "image":"..\/..\/images\/tilesets\/kenney_iso_tiles\/kenney_iso_stoneTile_W.png",
         "imageheight":512,
         "imagewidth":256
        }, 
        {
         "id":215,
         "image":"..\/..\/images\/tilesets\/kenney_iso_tiles\/kenney_iso_stoneUneven_E.png",
         "imageheight":512,
         "imagewidth":256
        }, 
        {
         "id":216,
         "image":"..\/..\/images\/tilesets\/kenney_iso_tiles\/kenney_iso_stoneUneven_N.png",
         "imageheight":512,
         "imagewidth":256
        }, 
        {
         "id":217,
         "image":"..\/..\/images\/tilesets\/kenney_iso_tiles\/kenney_iso_stoneUneven_S.png",
         "imageheight":512,
         "imagewidth":256
        }, 
        {
         "id":218,
         "image":"..\/..\/images\/tilesets\/kenney_iso_tiles\/kenney_iso_stoneUneven_W.png",
         "imageheight":512,
         "imagewidth":256
        }, 
        {
         "id":219,
         "image":"..\/..\/images\/tilesets\/kenney_iso_tiles\/kenney_iso_stoneWall_E.png",
         "imageheight":512,
         "imagewidth":256
        }, 
        {
         "id":220,
         "image":"..\/..\/images\/tilesets\/kenney_iso_tiles\/kenney_iso_stoneWall_N.png",
         "imageheight":512,
         "imagewidth":256
        }, 
        {
         "id":221,
         "image":"..\/..\/images\/tilesets\/kenney_iso_tiles\/kenney_iso_stoneWall_S.png",
         "imageheight":512,
         "imagewidth":256
        }, 
        {
         "id":222,
         "image":"..\/..\/images\/tilesets\/kenney_iso_tiles\/kenney_iso_stoneWall_W.png",
         "imageheight":512,
         "imagewidth":256
        }, 
        {
         "id":223,
         "image":"..\/..\/images\/tilesets\/kenney_iso_tiles\/kenney_iso_stoneWallAged_E.png",
         "imageheight":512,
         "imagewidth":256
        }, 
        {
         "id":224,
         "image":"..\/..\/images\/tilesets\/kenney_iso_tiles\/kenney_iso_stoneWallAged_N.png",
         "imageheight":512,
         "imagewidth":256
        }, 
        {
         "id":225,
         "image":"..\/..\/images\/tilesets\/kenney_iso_tiles\/kenney_iso_stoneWallAged_S.png",
         "imageheight":512,
         "imagewidth":256
        }, 
        {
         "id":226,
         "image":"..\/..\/images\/tilesets\/kenney_iso_tiles\/kenney_iso_stoneWallAged_W.png",
         "imageheight":512,
         "imagewidth":256
        }, 
        {
         "id":227,
         "image":"..\/..\/images\/tilesets\/kenney_iso_tiles\/kenney_iso_stoneWallAgedLeft_E.png",
         "imageheight":512,
         "imagewidth":256
        }, 
        {
         "id":228,
         "image":"..\/..\/images\/tilesets\/kenney_iso_tiles\/kenney_iso_stoneWallAgedLeft_N.png",
         "imageheight":512,
         "imagewidth":256
        }, 
        {
         "id":229,
         "image":"..\/..\/images\/tilesets\/kenney_iso_tiles\/kenney_iso_stoneWallAgedLeft_S.png",
         "imageheight":512,
         "imagewidth":256
        }, 
        {
         "id":230,
         "image":"..\/..\/images\/tilesets\/kenney_iso_tiles\/kenney_iso_stoneWallAgedLeft_W.png",
         "imageheight":512,
         "imagewidth":256
        }, 
        {
         "id":231,
         "image":"..\/..\/images\/tilesets\/kenney_iso_tiles\/kenney_iso_stoneWallAgedRight_E.png",
         "imageheight":512,
         "imagewidth":256
        }, 
        {
         "id":232,
         "image":"..\/..\/images\/tilesets\/kenney_iso_tiles\/kenney_iso_stoneWallAgedRight_N.png",
         "imageheight":512,
         "imagewidth":256
        }, 
        {
         "id":233,
         "image":"..\/..\/images\/tilesets\/kenney_iso_tiles\/kenney_iso_stoneWallAgedRight_S.png",
         "imageheight":512,
         "imagewidth":256
        }, 
        {
         "id":234,
         "image":"..\/..\/images\/tilesets\/kenney_iso_tiles\/kenney_iso_stoneWallAgedRight_W.png",
         "imageheight":512,
         "imagewidth":256
        }, 
        {
         "id":235,
         "image":"..\/..\/images\/tilesets\/kenney_iso_tiles\/kenney_iso_stoneWallArchway_E.png",
         "imageheight":512,
         "imagewidth":256
        }, 
        {
         "id":236,
         "image":"..\/..\/images\/tilesets\/kenney_iso_tiles\/kenney_iso_stoneWallArchway_N.png",
         "imageheight":512,
         "imagewidth":256
        }, 
        {
         "id":237,
         "image":"..\/..\/images\/tilesets\/kenney_iso_tiles\/kenney_iso_stoneWallArchway_S.png",
         "imageheight":512,
         "imagewidth":256
        }, 
        {
         "id":238,
         "image":"..\/..\/images\/tilesets\/kenney_iso_tiles\/kenney_iso_stoneWallArchway_W.png",
         "imageheight":512,
         "imagewidth":256
        }, 
        {
         "id":239,
         "image":"..\/..\/images\/tilesets\/kenney_iso_tiles\/kenney_iso_stoneWallBroken_E.png",
         "imageheight":512,
         "imagewidth":256
        }, 
        {
         "id":240,
         "image":"..\/..\/images\/tilesets\/kenney_iso_tiles\/kenney_iso_stoneWallBroken_N.png",
         "imageheight":512,
         "imagewidth":256
        }, 
        {
         "id":241,
         "image":"..\/..\/images\/tilesets\/kenney_iso_tiles\/kenney_iso_stoneWallBroken_S.png",
         "imageheight":512,
         "imagewidth":256
        }, 
        {
         "id":242,
         "image":"..\/..\/images\/tilesets\/kenney_iso_tiles\/kenney_iso_stoneWallBroken_W.png",
         "imageheight":512,
         "imagewidth":256
        }, 
        {
         "id":243,
         "image":"..\/..\/images\/tilesets\/kenney_iso_tiles\/kenney_iso_stoneWallBrokenLeft_E.png",
         "imageheight":512,
         "imagewidth":256
        }, 
        {
         "id":244,
         "image":"..\/..\/images\/tilesets\/kenney_iso_tiles\/kenney_iso_stoneWallBrokenLeft_N.png",
         "imageheight":512,
         "imagewidth":256
        }, 
        {
         "id":245,
         "image":"..\/..\/images\/tilesets\/kenney_iso_tiles\/kenney_iso_stoneWallBrokenLeft_S.png",
         "imageheight":512,
         "imagewidth":256
        }, 
        {
         "id":246,
         "image":"..\/..\/images\/tilesets\/kenney_iso_tiles\/kenney_iso_stoneWallBrokenLeft_W.png",
         "imageheight":512,
         "imagewidth":256
        }, 
        {
         "id":247,
         "image":"..\/..\/images\/tilesets\/kenney_iso_tiles\/kenney_iso_stoneWallBrokenRight_E.png",
         "imageheight":512,
         "imagewidth":256
        }, 
        {
         "id":248,
         "image":"..\/..\/images\/tilesets\/kenney_iso_tiles\/kenney_iso_stoneWallBrokenRight_N.png",
         "imageheight":512,
         "imagewidth":256
        }, 
        {
         "id":249,
         "image":"..\/..\/images\/tilesets\/kenney_iso_tiles\/kenney_iso_stoneWallBrokenRight_S.png",
         "imageheight":512,
         "imagewidth":256
        }, 
        {
         "id":250,
         "image":"..\/..\/images\/tilesets\/kenney_iso_tiles\/kenney_iso_stoneWallBrokenRight_W.png",
         "imageheight":512,
         "imagewidth":256
        }, 
        {
         "id":251,
         "image":"..\/..\/images\/tilesets\/kenney_iso_tiles\/kenney_iso_stoneWallColumn_E.png",
         "imageheight":512,
         "imagewidth":256
        }, 
        {
         "id":252,
         "image":"..\/..\/images\/tilesets\/kenney_iso_tiles\/kenney_iso_stoneWallColumn_N.png",
         "imageheight":512,
         "imagewidth":256
        }, 
        {
         "id":253,
         "image":"..\/..\/images\/tilesets\/kenney_iso_tiles\/kenney_iso_stoneWallColumn_S.png",
         "imageheight":512,
         "imagewidth":256
        }, 
        {
         "id":254,
         "image":"..\/..\/images\/tilesets\/kenney_iso_tiles\/kenney_iso_stoneWallColumn_W.png",
         "imageheight":512,
         "imagewidth":256
        }, 
        {
         "id":255,
         "image":"..\/..\/images\/tilesets\/kenney_iso_tiles\/kenney_iso_stoneWallColumnIn_E.png",
         "imageheight":512,
         "imagewidth":256
        }, 
        {
         "id":256,
         "image":"..\/..\/images\/tilesets\/kenney_iso_tiles\/kenney_iso_stoneWallColumnIn_N.png",
         "imageheight":512,
         "imagewidth":256
        }, 
        {
         "id":257,
         "image":"..\/..\/images\/tilesets\/kenney_iso_tiles\/kenney_iso_stoneWallColumnIn_S.png",
         "imageheight":512,
         "imagewidth":256
        }, 
        {
         "id":258,
         "image":"..\/..\/images\/tilesets\/kenney_iso_tiles\/kenney_iso_stoneWallColumnIn_W.png",
         "imageheight":512,
         "imagewidth":256
        }, 
        {
         "id":259,
         "image":"..\/..\/images\/tilesets\/kenney_iso_tiles\/kenney_iso_stoneWallCorner_E.png",
         "imageheight":512,
         "imagewidth":256
        }, 
        {
         "id":260,
         "image":"..\/..\/images\/tilesets\/kenney_iso_tiles\/kenney_iso_stoneWallCorner_N.png",
         "imageheight":512,
         "imagewidth":256
        }, 
        {
         "id":261,
         "image":"..\/..\/images\/tilesets\/kenney_iso_tiles\/kenney_iso_stoneWallCorner_S.png",
         "imageheight":512,
         "imagewidth":256
        }, 
        {
         "id":262,
         "image":"..\/..\/images\/tilesets\/kenney_iso_tiles\/kenney_iso_stoneWallCorner_W.png",
         "imageheight":512,
         "imagewidth":256
        }, 
        {
         "id":263,
         "image":"..\/..\/images\/tilesets\/kenney_iso_tiles\/kenney_iso_stoneWallDoor_E.png",
         "imageheight":512,
         "imagewidth":256
        }, 
        {
         "id":264,
         "image":"..\/..\/images\/tilesets\/kenney_iso_tiles\/kenney_iso_stoneWallDoor_N.png",
         "imageheight":512,
         "imagewidth":256
        }, 
        {
         "id":265,
         "image":"..\/..\/images\/tilesets\/kenney_iso_tiles\/kenney_iso_stoneWallDoor_S.png",
         "imageheight":512,
         "imagewidth":256
        }, 
        {
         "id":266,
         "image":"..\/..\/images\/tilesets\/kenney_iso_tiles\/kenney_iso_stoneWallDoor_W.png",
         "imageheight":512,
         "imagewidth":256
        }, 
        {
         "id":267,
         "image":"..\/..\/images\/tilesets\/kenney_iso_tiles\/kenney_iso_stoneWallDoorBars_E.png",
         "imageheight":512,
         "imagewidth":256
        }, 
        {
         "id":268,
         "image":"..\/..\/images\/tilesets\/kenney_iso_tiles\/kenney_iso_stoneWallDoorBars_N.png",
         "imageheight":512,
         "imagewidth":256
        }, 
        {
         "id":269,
         "image":"..\/..\/images\/tilesets\/kenney_iso_tiles\/kenney_iso_stoneWallDoorBars_S.png",
         "imageheight":512,
         "imagewidth":256
        }, 
        {
         "id":270,
         "image":"..\/..\/images\/tilesets\/kenney_iso_tiles\/kenney_iso_stoneWallDoorBars_W.png",
         "imageheight":512,
         "imagewidth":256
        }, 
        {
         "id":271,
         "image":"..\/..\/images\/tilesets\/kenney_iso_tiles\/kenney_iso_stoneWallDoorClosed_E.png",
         "imageheight":512,
         "imagewidth":256
        }, 
        {
         "id":272,
         "image":"..\/..\/images\/tilesets\/kenney_iso_tiles\/kenney_iso_stoneWallDoorClosed_N.png",
         "imageheight":512,
         "imagewidth":256
        }, 
        {
         "id":273,
         "image":"..\/..\/images\/tilesets\/kenney_iso_tiles\/kenney_iso_stoneWallDoorClosed_S.png",
         "imageheight":512,
         "imagewidth":256
        }, 
        {
         "id":274,
         "image":"..\/..\/images\/tilesets\/kenney_iso_tiles\/kenney_iso_stoneWallDoorClosed_W.png",
         "imageheight":512,
         "imagewidth":256
        }, 
        {
         "id":275,
         "image":"..\/..\/images\/tilesets\/kenney_iso_tiles\/kenney_iso_stoneWallDoorOpen_E.png",
         "imageheight":512,
         "imagewidth":256
        }, 
        {
         "id":276,
         "image":"..\/..\/images\/tilesets\/kenney_iso_tiles\/kenney_iso_stoneWallDoorOpen_N.png",
         "imageheight":512,
         "imagewidth":256
        }, 
        {
         "id":277,
         "image":"..\/..\/images\/tilesets\/kenney_iso_tiles\/kenney_iso_stoneWallDoorOpen_S.png",
         "imageheight":512,
         "imagewidth":256
        }, 
        {
         "id":278,
         "image":"..\/..\/images\/tilesets\/kenney_iso_tiles\/kenney_iso_stoneWallDoorOpen_W.png",
         "imageheight":512,
         "imagewidth":256
        }, 
        {
         "id":279,
         "image":"..\/..\/images\/tilesets\/kenney_iso_tiles\/kenney_iso_stoneWallGate_E.png",
         "imageheight":512,
         "imagewidth":256
        }, 
        {
         "id":280,
         "image":"..\/..\/images\/tilesets\/kenney_iso_tiles\/kenney_iso_stoneWallGate_N.png",
         "imageheight":512,
         "imagewidth":256
        }, 
        {
         "id":281,
         "image":"..\/..\/images\/tilesets\/kenney_iso_tiles\/kenney_iso_stoneWallGate_S.png",
         "imageheight":512,
         "imagewidth":256
        }, 
        {
         "id":282,
         "image":"..\/..\/images\/tilesets\/kenney_iso_tiles\/kenney_iso_stoneWallGate_W.png",
         "imageheight":512,
         "imagewidth":256
        }, 
        {
         "id":283,
         "image":"..\/..\/images\/tilesets\/kenney_iso_tiles\/kenney_iso_stoneWallGateBars_E.png",
         "imageheight":512,
         "imagewidth":256
        }, 
        {
         "id":284,
         "image":"..\/..\/images\/tilesets\/kenney_iso_tiles\/kenney_iso_stoneWallGateBars_N.png",
         "imageheight":512,
         "imagewidth":256
        }, 
        {
         "id":285,
         "image":"..\/..\/images\/tilesets\/kenney_iso_tiles\/kenney_iso_stoneWallGateBars_S.png",
         "imageheight":512,
         "imagewidth":256
        }, 
        {
         "id":286,
         "image":"..\/..\/images\/tilesets\/kenney_iso_tiles\/kenney_iso_stoneWallGateBars_W.png",
         "imageheight":512,
         "imagewidth":256
        }, 
        {
         "id":287,
         "image":"..\/..\/images\/tilesets\/kenney_iso_tiles\/kenney_iso_stoneWallGateClosed_E.png",
         "imageheight":512,
         "imagewidth":256
        }, 
        {
         "id":288,
         "image":"..\/..\/images\/tilesets\/kenney_iso_tiles\/kenney_iso_stoneWallGateClosed_N.png",
         "imageheight":512,
         "imagewidth":256
        }, 
        {
         "id":289,
         "image":"..\/..\/images\/tilesets\/kenney_iso_tiles\/kenney_iso_stoneWallGateClosed_S.png",
         "imageheight":512,
         "imagewidth":256
        }, 
        {
         "id":290,
         "image":"..\/..\/images\/tilesets\/kenney_iso_tiles\/kenney_iso_stoneWallGateClosed_W.png",
         "imageheight":512,
         "imagewidth":256
        }, 
        {
         "id":291,
         "image":"..\/..\/images\/tilesets\/kenney_iso_tiles\/kenney_iso_stoneWallGateOpen_E.png",
         "imageheight":512,
         "imagewidth":256
        }, 
        {
         "id":292,
         "image":"..\/..\/images\/tilesets\/kenney_iso_tiles\/kenney_iso_stoneWallGateOpen_N.png",
         "imageheight":512,
         "imagewidth":256
        }, 
        {
         "id":293,
         "image":"..\/..\/images\/tilesets\/kenney_iso_tiles\/kenney_iso_stoneWallGateOpen_S.png",
         "imageheight":512,
         "imagewidth":256
        }, 
        {
         "id":294,
         "image":"..\/..\/images\/tilesets\/kenney_iso_tiles\/kenney_iso_stoneWallGateOpen_W.png",
         "imageheight":512,
         "imagewidth":256
        }, 
        {
         "id":295,
         "image":"..\/..\/images\/tilesets\/kenney_iso_tiles\/kenney_iso_stoneWallHalf_E.png",
         "imageheight":512,
         "imagewidth":256
        }, 
        {
         "id":296,
         "image":"..\/..\/images\/tilesets\/kenney_iso_tiles\/kenney_iso_stoneWallHalf_N.png",
         "imageheight":512,
         "imagewidth":256
        }, 
        {
         "id":297,
         "image":"..\/..\/images\/tilesets\/kenney_iso_tiles\/kenney_iso_stoneWallHalf_S.png",
         "imageheight":512,
         "imagewidth":256
        }, 
        {
         "id":298,
         "image":"..\/..\/images\/tilesets\/kenney_iso_tiles\/kenney_iso_stoneWallHalf_W.png",
         "imageheight":512,
         "imagewidth":256
        }, 
        {
         "id":299,
         "image":"..\/..\/images\/tilesets\/kenney_iso_tiles\/kenney_iso_stoneWallHole_E.png",
         "imageheight":512,
         "imagewidth":256
        }, 
        {
         "id":300,
         "image":"..\/..\/images\/tilesets\/kenney_iso_tiles\/kenney_iso_stoneWallHole_N.png",
         "imageheight":512,
         "imagewidth":256
        }, 
        {
         "id":301,
         "image":"..\/..\/images\/tilesets\/kenney_iso_tiles\/kenney_iso_stoneWallHole_S.png",
         "imageheight":512,
         "imagewidth":256
        }, 
        {
         "id":302,
         "image":"..\/..\/images\/tilesets\/kenney_iso_tiles\/kenney_iso_stoneWallHole_W.png",
         "imageheight":512,
         "imagewidth":256
        }, 
        {
         "id":303,
         "image":"..\/..\/images\/tilesets\/kenney_iso_tiles\/kenney_iso_stoneWallRound_E.png",
         "imageheight":512,
         "imagewidth":256
        }, 
        {
         "id":304,
         "image":"..\/..\/images\/tilesets\/kenney_iso_tiles\/kenney_iso_stoneWallRound_N.png",
         "imageheight":512,
         "imagewidth":256
        }, 
        {
         "id":305,
         "image":"..\/..\/images\/tilesets\/kenney_iso_tiles\/kenney_iso_stoneWallRound_S.png",
         "imageheight":512,
         "imagewidth":256
        }, 
        {
         "id":306,
         "image":"..\/..\/images\/tilesets\/kenney_iso_tiles\/kenney_iso_stoneWallRound_W.png",
         "imageheight":512,
         "imagewidth":256
        }, 
        {
         "id":307,
         "image":"..\/..\/images\/tilesets\/kenney_iso_tiles\/kenney_iso_stoneWallRoundBroken_E.png",
         "imageheight":512,
         "imagewidth":256
        }, 
        {
         "id":308,
         "image":"..\/..\/images\/tilesets\/kenney_iso_tiles\/kenney_iso_stoneWallRoundBroken_N.png",
         "imageheight":512,
         "imagewidth":256
        }, 
        {
         "id":309,
         "image":"..\/..\/images\/tilesets\/kenney_iso_tiles\/kenney_iso_stoneWallRoundBroken_S.png",
         "imageheight":512,
         "imagewidth":256
        }, 
        {
         "id":310,
         "image":"..\/..\/images\/tilesets\/kenney_iso_tiles\/kenney_iso_stoneWallRoundBroken_W.png",
         "imageheight":512,
         "imagewidth":256
        }, 
        {
         "id":311,
         "image":"..\/..\/images\/tilesets\/kenney_iso_tiles\/kenney_iso_stoneWallRoundWindow_E.png",
         "imageheight":512,
         "imagewidth":256
        }, 
        {
         "id":312,
         "image":"..\/..\/images\/tilesets\/kenney_iso_tiles\/kenney_iso_stoneWallRoundWindow_N.png",
         "imageheight":512,
         "imagewidth":256
        }, 
        {
         "id":313,
         "image":"..\/..\/images\/tilesets\/kenney_iso_tiles\/kenney_iso_stoneWallRoundWindow_S.png",
         "imageheight":512,
         "imagewidth":256
        }, 
        {
         "id":314,
         "image":"..\/..\/images\/tilesets\/kenney_iso_tiles\/kenney_iso_stoneWallRoundWindow_W.png",
         "imageheight":512,
         "imagewidth":256
        }, 
        {
         "id":315,
         "image":"..\/..\/images\/tilesets\/kenney_iso_tiles\/kenney_iso_stoneWallStructure_E.png",
         "imageheight":512,
         "imagewidth":256
        }, 
        {
         "id":316,
         "image":"..\/..\/images\/tilesets\/kenney_iso_tiles\/kenney_iso_stoneWallStructure_N.png",
         "imageheight":512,
         "imagewidth":256
        }, 
        {
         "id":317,
         "image":"..\/..\/images\/tilesets\/kenney_iso_tiles\/kenney_iso_stoneWallStructure_S.png",
         "imageheight":512,
         "imagewidth":256
        }, 
        {
         "id":318,
         "image":"..\/..\/images\/tilesets\/kenney_iso_tiles\/kenney_iso_stoneWallStructure_W.png",
         "imageheight":512,
         "imagewidth":256
        }, 
        {
         "id":319,
         "image":"..\/..\/images\/tilesets\/kenney_iso_tiles\/kenney_iso_stoneWallTop_E.png",
         "imageheight":512,
         "imagewidth":256
        }, 
        {
         "id":320,
         "image":"..\/..\/images\/tilesets\/kenney_iso_tiles\/kenney_iso_stoneWallTop_N.png",
         "imageheight":512,
         "imagewidth":256
        }, 
        {
         "id":321,
         "image":"..\/..\/images\/tilesets\/kenney_iso_tiles\/kenney_iso_stoneWallTop_S.png",
         "imageheight":512,
         "imagewidth":256
        }, 
        {
         "id":322,
         "image":"..\/..\/images\/tilesets\/kenney_iso_tiles\/kenney_iso_stoneWallTop_W.png",
         "imageheight":512,
         "imagewidth":256
        }, 
        {
         "id":323,
         "image":"..\/..\/images\/tilesets\/kenney_iso_tiles\/kenney_iso_stoneWallWindow_E.png",
         "imageheight":512,
         "imagewidth":256
        }, 
        {
         "id":324,
         "image":"..\/..\/images\/tilesets\/kenney_iso_tiles\/kenney_iso_stoneWallWindow_N.png",
         "imageheight":512,
         "imagewidth":256
        }, 
        {
         "id":325,
         "image":"..\/..\/images\/tilesets\/kenney_iso_tiles\/kenney_iso_stoneWallWindow_S.png",
         "imageheight":512,
         "imagewidth":256
        }, 
        {
         "id":326,
         "image":"..\/..\/images\/tilesets\/kenney_iso_tiles\/kenney_iso_stoneWallWindow_W.png",
         "imageheight":512,
         "imagewidth":256
        }, 
        {
         "id":327,
         "image":"..\/..\/images\/tilesets\/kenney_iso_tiles\/kenney_iso_stoneWallWindowBars_E.png",
         "imageheight":512,
         "imagewidth":256
        }, 
        {
         "id":328,
         "image":"..\/..\/images\/tilesets\/kenney_iso_tiles\/kenney_iso_stoneWallWindowBars_N.png",
         "imageheight":512,
         "imagewidth":256
        }, 
        {
         "id":329,
         "image":"..\/..\/images\/tilesets\/kenney_iso_tiles\/kenney_iso_stoneWallWindowBars_S.png",
         "imageheight":512,
         "imagewidth":256
        }, 
        {
         "id":330,
         "image":"..\/..\/images\/tilesets\/kenney_iso_tiles\/kenney_iso_stoneWallWindowBars_W.png",
         "imageheight":512,
         "imagewidth":256
        }, 
        {
         "id":331,
         "image":"..\/..\/images\/tilesets\/kenney_iso_tiles\/kenney_iso_tableChairsBroken_E.png",
         "imageheight":512,
         "imagewidth":256
        }, 
        {
         "id":332,
         "image":"..\/..\/images\/tilesets\/kenney_iso_tiles\/kenney_iso_tableChairsBroken_N.png",
         "imageheight":512,
         "imagewidth":256
        }, 
        {
         "id":333,
         "image":"..\/..\/images\/tilesets\/kenney_iso_tiles\/kenney_iso_tableChairsBroken_S.png",
         "imageheight":512,
         "imagewidth":256
        }, 
        {
         "id":334,
         "image":"..\/..\/images\/tilesets\/kenney_iso_tiles\/kenney_iso_tableChairsBroken_W.png",
         "imageheight":512,
         "imagewidth":256
        }, 
        {
         "id":335,
         "image":"..\/..\/images\/tilesets\/kenney_iso_tiles\/kenney_iso_tableRound_E.png",
         "imageheight":512,
         "imagewidth":256
        }, 
        {
         "id":336,
         "image":"..\/..\/images\/tilesets\/kenney_iso_tiles\/kenney_iso_tableRound_N.png",
         "imageheight":512,
         "imagewidth":256
        }, 
        {
         "id":337,
         "image":"..\/..\/images\/tilesets\/kenney_iso_tiles\/kenney_iso_tableRound_S.png",
         "imageheight":512,
         "imagewidth":256
        }, 
        {
         "id":338,
         "image":"..\/..\/images\/tilesets\/kenney_iso_tiles\/kenney_iso_tableRound_W.png",
         "imageheight":512,
         "imagewidth":256
        }, 
        {
         "id":339,
         "image":"..\/..\/images\/tilesets\/kenney_iso_tiles\/kenney_iso_tableRoundChairs_E.png",
         "imageheight":512,
         "imagewidth":256
        }, 
        {
         "id":340,
         "image":"..\/..\/images\/tilesets\/kenney_iso_tiles\/kenney_iso_tableRoundChairs_N.png",
         "imageheight":512,
         "imagewidth":256
        }, 
        {
         "id":341,
         "image":"..\/..\/images\/tilesets\/kenney_iso_tiles\/kenney_iso_tableRoundChairs_S.png",
         "imageheight":512,
         "imagewidth":256
        }, 
        {
         "id":342,
         "image":"..\/..\/images\/tilesets\/kenney_iso_tiles\/kenney_iso_tableRoundChairs_W.png",
         "imageheight":512,
         "imagewidth":256
        }, 
        {
         "id":343,
         "image":"..\/..\/images\/tilesets\/kenney_iso_tiles\/kenney_iso_tableRoundItemsChairs_E.png",
         "imageheight":512,
         "imagewidth":256
        }, 
        {
         "id":344,
         "image":"..\/..\/images\/tilesets\/kenney_iso_tiles\/kenney_iso_tableRoundItemsChairs_N.png",
         "imageheight":512,
         "imagewidth":256
        }, 
        {
         "id":345,
         "image":"..\/..\/images\/tilesets\/kenney_iso_tiles\/kenney_iso_tableRoundItemsChairs_S.png",
         "imageheight":512,
         "imagewidth":256
        }, 
        {
         "id":346,
         "image":"..\/..\/images\/tilesets\/kenney_iso_tiles\/kenney_iso_tableRoundItemsChairs_W.png",
         "imageheight":512,
         "imagewidth":256
        }, 
        {
         "id":347,
         "image":"..\/..\/images\/tilesets\/kenney_iso_tiles\/kenney_iso_tableShort_E.png",
         "imageheight":512,
         "imagewidth":256
        }, 
        {
         "id":348,
         "image":"..\/..\/images\/tilesets\/kenney_iso_tiles\/kenney_iso_tableShort_N.png",
         "imageheight":512,
         "imagewidth":256
        }, 
        {
         "id":349,
         "image":"..\/..\/images\/tilesets\/kenney_iso_tiles\/kenney_iso_tableShort_S.png",
         "imageheight":512,
         "imagewidth":256
        }, 
        {
         "id":350,
         "image":"..\/..\/images\/tilesets\/kenney_iso_tiles\/kenney_iso_tableShort_W.png",
         "imageheight":512,
         "imagewidth":256
        }, 
        {
         "id":351,
         "image":"..\/..\/images\/tilesets\/kenney_iso_tiles\/kenney_iso_tableShortChairs_E.png",
         "imageheight":512,
         "imagewidth":256
        }, 
        {
         "id":352,
         "image":"..\/..\/images\/tilesets\/kenney_iso_tiles\/kenney_iso_tableShortChairs_N.png",
         "imageheight":512,
         "imagewidth":256
        }, 
        {
         "id":353,
         "image":"..\/..\/images\/tilesets\/kenney_iso_tiles\/kenney_iso_tableShortChairs_S.png",
         "imageheight":512,
         "imagewidth":256
        }, 
        {
         "id":354,
         "image":"..\/..\/images\/tilesets\/kenney_iso_tiles\/kenney_iso_tableShortChairs_W.png",
         "imageheight":512,
         "imagewidth":256
        }, 
        {
         "id":355,
         "image":"..\/..\/images\/tilesets\/kenney_iso_tiles\/kenney_iso_wallBooks_E.png",
         "imageheight":512,
         "imagewidth":256
        }, 
        {
         "id":356,
         "image":"..\/..\/images\/tilesets\/kenney_iso_tiles\/kenney_iso_wallBooks_N.png",
         "imageheight":512,
         "imagewidth":256
        }, 
        {
         "id":357,
         "image":"..\/..\/images\/tilesets\/kenney_iso_tiles\/kenney_iso_wallBooks_S.png",
         "imageheight":512,
         "imagewidth":256
        }, 
        {
         "id":358,
         "image":"..\/..\/images\/tilesets\/kenney_iso_tiles\/kenney_iso_wallBooks_W.png",
         "imageheight":512,
         "imagewidth":256
        }, 
        {
         "id":359,
         "image":"..\/..\/images\/tilesets\/kenney_iso_tiles\/kenney_iso_wallDoorway_E.png",
         "imageheight":512,
         "imagewidth":256
        }, 
        {
         "id":360,
         "image":"..\/..\/images\/tilesets\/kenney_iso_tiles\/kenney_iso_wallDoorway_N.png",
         "imageheight":512,
         "imagewidth":256
        }, 
        {
         "id":361,
         "image":"..\/..\/images\/tilesets\/kenney_iso_tiles\/kenney_iso_wallDoorway_S.png",
         "imageheight":512,
         "imagewidth":256
        }, 
        {
         "id":362,
         "image":"..\/..\/images\/tilesets\/kenney_iso_tiles\/kenney_iso_wallDoorway_W.png",
         "imageheight":512,
         "imagewidth":256
        }, 
        {
         "id":363,
         "image":"..\/..\/images\/tilesets\/kenney_iso_tiles\/kenney_iso_woodenCrate_E.png",
         "imageheight":512,
         "imagewidth":256
        }, 
        {
         "id":364,
         "image":"..\/..\/images\/tilesets\/kenney_iso_tiles\/kenney_iso_woodenCrate_N.png",
         "imageheight":512,
         "imagewidth":256
        }, 
        {
         "id":365,
         "image":"..\/..\/images\/tilesets\/kenney_iso_tiles\/kenney_iso_woodenCrate_S.png",
         "imageheight":512,
         "imagewidth":256
        }, 
        {
         "id":366,
         "image":"..\/..\/images\/tilesets\/kenney_iso_tiles\/kenney_iso_woodenCrate_W.png",
         "imageheight":512,
         "imagewidth":256
        }, 
        {
         "id":367,
         "image":"..\/..\/images\/tilesets\/kenney_iso_tiles\/kenney_iso_woodenCrates_E.png",
         "imageheight":512,
         "imagewidth":256
        }, 
        {
         "id":368,
         "image":"..\/..\/images\/tilesets\/kenney_iso_tiles\/kenney_iso_woodenCrates_N.png",
         "imageheight":512,
         "imagewidth":256
        }, 
        {
         "id":369,
         "image":"..\/..\/images\/tilesets\/kenney_iso_tiles\/kenney_iso_woodenCrates_S.png",
         "imageheight":512,
         "imagewidth":256
        }, 
        {
         "id":370,
         "image":"..\/..\/images\/tilesets\/kenney_iso_tiles\/kenney_iso_woodenCrates_W.png",
         "imageheight":512,
         "imagewidth":256
        }, 
        {
         "id":371,
         "image":"..\/..\/images\/tilesets\/kenney_iso_tiles\/kenney_iso_woodenPile_E.png",
         "imageheight":512,
         "imagewidth":256
        }, 
        {
         "id":372,
         "image":"..\/..\/images\/tilesets\/kenney_iso_tiles\/kenney_iso_woodenPile_N.png",
         "imageheight":512,
         "imagewidth":256
        }, 
        {
         "id":373,
         "image":"..\/..\/images\/tilesets\/kenney_iso_tiles\/kenney_iso_woodenPile_S.png",
         "imageheight":512,
         "imagewidth":256
        }, 
        {
         "id":374,
         "image":"..\/..\/images\/tilesets\/kenney_iso_tiles\/kenney_iso_woodenPile_W.png",
         "imageheight":512,
         "imagewidth":256
        }, 
        {
         "id":375,
         "image":"..\/..\/images\/tilesets\/kenney_iso_tiles\/kenney_iso_woodenSupportBeams_E.png",
         "imageheight":512,
         "imagewidth":256
        }, 
        {
         "id":376,
         "image":"..\/..\/images\/tilesets\/kenney_iso_tiles\/kenney_iso_woodenSupportBeams_N.png",
         "imageheight":512,
         "imagewidth":256
        }, 
        {
         "id":377,
         "image":"..\/..\/images\/tilesets\/kenney_iso_tiles\/kenney_iso_woodenSupportBeams_S.png",
         "imageheight":512,
         "imagewidth":256
        }, 
        {
         "id":378,
         "image":"..\/..\/images\/tilesets\/kenney_iso_tiles\/kenney_iso_woodenSupportBeams_W.png",
         "imageheight":512,
         "imagewidth":256
        }, 
        {
         "id":379,
         "image":"..\/..\/images\/tilesets\/kenney_iso_tiles\/kenney_iso_woodenSupports_E.png",
         "imageheight":512,
         "imagewidth":256
        }, 
        {
         "id":380,
         "image":"..\/..\/images\/tilesets\/kenney_iso_tiles\/kenney_iso_woodenSupports_N.png",
         "imageheight":512,
         "imagewidth":256
        }, 
        {
         "id":381,
         "image":"..\/..\/images\/tilesets\/kenney_iso_tiles\/kenney_iso_woodenSupports_S.png",
         "imageheight":512,
         "imagewidth":256
        }, 
        {
         "id":382,
         "image":"..\/..\/images\/tilesets\/kenney_iso_tiles\/kenney_iso_woodenSupports_W.png",
         "imageheight":512,
         "imagewidth":256
        }, 
        {
         "id":383,
         "image":"..\/..\/images\/tilesets\/kenney_iso_tiles\/kenney_iso_woodenSupportsBeam_E.png",
         "imageheight":512,
         "imagewidth":256
        }, 
        {
         "id":384,
         "image":"..\/..\/images\/tilesets\/kenney_iso_tiles\/kenney_iso_woodenSupportsBeam_N.png",
         "imageheight":512,
         "imagewidth":256
        }, 
        {
         "id":385,
         "image":"..\/..\/images\/tilesets\/kenney_iso_tiles\/kenney_iso_woodenSupportsBeam_S.png",
         "imageheight":512,
         "imagewidth":256
        }, 
        {
         "id":386,
         "image":"..\/..\/images\/tilesets\/kenney_iso_tiles\/kenney_iso_woodenSupportsBeam_W.png",
         "imageheight":512,
         "imagewidth":256
        }, 
        {
         "id":387,
         "image":"..\/..\/images\/tilesets\/kenney_iso_tiles\/kenney_iso_woodenSupportsBlock_E.png",
         "imageheight":512,
         "imagewidth":256
        }, 
        {
         "id":388,
         "image":"..\/..\/images\/tilesets\/kenney_iso_tiles\/kenney_iso_woodenSupportsBlock_N.png",
         "imageheight":512,
         "imagewidth":256
        }, 
        {
         "id":389,
         "image":"..\/..\/images\/tilesets\/kenney_iso_tiles\/kenney_iso_woodenSupportsBlock_S.png",
         "imageheight":512,
         "imagewidth":256
        }, 
        {
         "id":390,
         "image":"..\/..\/images\/tilesets\/kenney_iso_tiles\/kenney_iso_woodenSupportsBlock_W.png",
         "imageheight":512,
         "imagewidth":256
        }, 
        {
         "id":391,
         "image":"..\/..\/images\/tilesets\/kenney_iso_tiles\/kenney_iso_barrel_E.png",
         "imageheight":512,
         "imagewidth":256
        }, 
        {
         "id":392,
         "image":"..\/..\/images\/tilesets\/kenney_iso_tiles\/kenney_iso_barrel_N.png",
         "imageheight":512,
         "imagewidth":256
        }, 
        {
         "id":393,
         "image":"..\/..\/images\/tilesets\/kenney_iso_tiles\/kenney_iso_barrel_S.png",
         "imageheight":512,
         "imagewidth":256
        }, 
        {
         "id":394,
         "image":"..\/..\/images\/tilesets\/kenney_iso_tiles\/kenney_iso_barrel_W.png",
         "imageheight":512,
         "imagewidth":256
        }, 
        {
         "id":395,
         "image":"..\/..\/images\/tilesets\/kenney_iso_tiles\/kenney_iso_barrels_E.png",
         "imageheight":512,
         "imagewidth":256
        }, 
        {
         "id":396,
         "image":"..\/..\/images\/tilesets\/kenney_iso_tiles\/kenney_iso_barrels_N.png",
         "imageheight":512,
         "imagewidth":256
        }, 
        {
         "id":397,
         "image":"..\/..\/images\/tilesets\/kenney_iso_tiles\/kenney_iso_barrels_S.png",
         "imageheight":512,
         "imagewidth":256
        }, 
        {
         "id":398,
         "image":"..\/..\/images\/tilesets\/kenney_iso_tiles\/kenney_iso_barrels_W.png",
         "imageheight":512,
         "imagewidth":256
        }, 
        {
         "id":399,
         "image":"..\/..\/images\/tilesets\/kenney_iso_tiles\/kenney_iso_barrelsStacked_E.png",
         "imageheight":512,
         "imagewidth":256
        }, 
        {
         "id":400,
         "image":"..\/..\/images\/tilesets\/kenney_iso_tiles\/kenney_iso_barrelsStacked_N.png",
         "imageheight":512,
         "imagewidth":256
        }, 
        {
         "id":401,
         "image":"..\/..\/images\/tilesets\/kenney_iso_tiles\/kenney_iso_barrelsStacked_S.png",
         "imageheight":512,
         "imagewidth":256
        }, 
        {
         "id":402,
         "image":"..\/..\/images\/tilesets\/kenney_iso_tiles\/kenney_iso_barrelsStacked_W.png",
         "imageheight":512,
         "imagewidth":256
        }, 
        {
         "id":403,
         "image":"..\/..\/images\/tilesets\/kenney_iso_tiles\/kenney_iso_bookcaseBooks_E.png",
         "imageheight":512,
         "imagewidth":256
        }, 
        {
         "id":404,
         "image":"..\/..\/images\/tilesets\/kenney_iso_tiles\/kenney_iso_bookcaseBooks_N.png",
         "imageheight":512,
         "imagewidth":256
        }, 
        {
         "id":405,
         "image":"..\/..\/images\/tilesets\/kenney_iso_tiles\/kenney_iso_bookcaseBooks_S.png",
         "imageheight":512,
         "imagewidth":256
        }, 
        {
         "id":406,
         "image":"..\/..\/images\/tilesets\/kenney_iso_tiles\/kenney_iso_bookcaseBooks_W.png",
         "imageheight":512,
         "imagewidth":256
        }, 
        {
         "id":407,
         "image":"..\/..\/images\/tilesets\/kenney_iso_tiles\/kenney_iso_bookcaseBooksLadder_E.png",
         "imageheight":512,
         "imagewidth":256
        }, 
        {
         "id":408,
         "image":"..\/..\/images\/tilesets\/kenney_iso_tiles\/kenney_iso_bookcaseBooksLadder_N.png",
         "imageheight":512,
         "imagewidth":256
        }, 
        {
         "id":409,
         "image":"..\/..\/images\/tilesets\/kenney_iso_tiles\/kenney_iso_bookcaseBooksLadder_S.png",
         "imageheight":512,
         "imagewidth":256
        }, 
        {
         "id":410,
         "image":"..\/..\/images\/tilesets\/kenney_iso_tiles\/kenney_iso_bookcaseBooksLadder_W.png",
         "imageheight":512,
         "imagewidth":256
        }, 
        {
         "id":411,
         "image":"..\/..\/images\/tilesets\/kenney_iso_tiles\/kenney_iso_bookcaseDestroyed_E.png",
         "imageheight":512,
         "imagewidth":256
        }, 
        {
         "id":412,
         "image":"..\/..\/images\/tilesets\/kenney_iso_tiles\/kenney_iso_bookcaseDestroyed_N.png",
         "imageheight":512,
         "imagewidth":256
        }, 
        {
         "id":413,
         "image":"..\/..\/images\/tilesets\/kenney_iso_tiles\/kenney_iso_bookcaseDestroyed_S.png",
         "imageheight":512,
         "imagewidth":256
        }, 
        {
         "id":414,
         "image":"..\/..\/images\/tilesets\/kenney_iso_tiles\/kenney_iso_bookcaseDestroyed_W.png",
         "imageheight":512,
         "imagewidth":256
        }, 
        {
         "id":415,
         "image":"..\/..\/images\/tilesets\/kenney_iso_tiles\/kenney_iso_bookcaseEmpty_E.png",
         "imageheight":512,
         "imagewidth":256
        }, 
        {
         "id":416,
         "image":"..\/..\/images\/tilesets\/kenney_iso_tiles\/kenney_iso_bookcaseEmpty_N.png",
         "imageheight":512,
         "imagewidth":256
        }, 
        {
         "id":417,
         "image":"..\/..\/images\/tilesets\/kenney_iso_tiles\/kenney_iso_bookcaseEmpty_S.png",
         "imageheight":512,
         "imagewidth":256
        }, 
        {
         "id":418,
         "image":"..\/..\/images\/tilesets\/kenney_iso_tiles\/kenney_iso_bookcaseEmpty_W.png",
         "imageheight":512,
         "imagewidth":256
        }, 
        {
         "id":419,
         "image":"..\/..\/images\/tilesets\/kenney_iso_tiles\/kenney_iso_bookcaseEmptyLadder_E.png",
         "imageheight":512,
         "imagewidth":256
        }, 
        {
         "id":420,
         "image":"..\/..\/images\/tilesets\/kenney_iso_tiles\/kenney_iso_bookcaseEmptyLadder_N.png",
         "imageheight":512,
         "imagewidth":256
        }, 
        {
         "id":421,
         "image":"..\/..\/images\/tilesets\/kenney_iso_tiles\/kenney_iso_bookcaseEmptyLadder_S.png",
         "imageheight":512,
         "imagewidth":256
        }, 
        {
         "id":422,
         "image":"..\/..\/images\/tilesets\/kenney_iso_tiles\/kenney_iso_bookcaseEmptyLadder_W.png",
         "imageheight":512,
         "imagewidth":256
        }, 
        {
         "id":423,
         "image":"..\/..\/images\/tilesets\/kenney_iso_tiles\/kenney_iso_bookcaseFallen_E.png",
         "imageheight":512,
         "imagewidth":256
        }, 
        {
         "id":424,
         "image":"..\/..\/images\/tilesets\/kenney_iso_tiles\/kenney_iso_bookcaseFallen_N.png",
         "imageheight":512,
         "imagewidth":256
        }, 
        {
         "id":425,
         "image":"..\/..\/images\/tilesets\/kenney_iso_tiles\/kenney_iso_bookcaseFallen_S.png",
         "imageheight":512,
         "imagewidth":256
        }, 
        {
         "id":426,
         "image":"..\/..\/images\/tilesets\/kenney_iso_tiles\/kenney_iso_bookcaseFallen_W.png",
         "imageheight":512,
         "imagewidth":256
        }, 
        {
         "id":427,
         "image":"..\/..\/images\/tilesets\/kenney_iso_tiles\/kenney_iso_bookcaseGlass_E.png",
         "imageheight":512,
         "imagewidth":256
        }, 
        {
         "id":428,
         "image":"..\/..\/images\/tilesets\/kenney_iso_tiles\/kenney_iso_bookcaseGlass_N.png",
         "imageheight":512,
         "imagewidth":256
        }, 
        {
         "id":429,
         "image":"..\/..\/images\/tilesets\/kenney_iso_tiles\/kenney_iso_bookcaseGlass_S.png",
         "imageheight":512,
         "imagewidth":256
        }, 
        {
         "id":430,
         "image":"..\/..\/images\/tilesets\/kenney_iso_tiles\/kenney_iso_bookcaseGlass_W.png",
         "imageheight":512,
         "imagewidth":256
        }, 
        {
         "id":431,
         "image":"..\/..\/images\/tilesets\/kenney_iso_tiles\/kenney_iso_bookcaseHalfBooks_E.png",
         "imageheight":512,
         "imagewidth":256
        }],
 "tilewidth":256,
 "type":"tileset",
 "version":1.4
}