{ "columns":0,
 "grid":
    {
     "height":1,
     "orientation":"orthogonal",
     "width":1
    },
 "margin":0,
 "name":"kenney_hex_tiles",
 "spacing":0,
 "tilecount":93,
 "tiledversion":"1.4.2",
 "tileheight":107,
 "tiles":[
        {
         "id":0,
         "image":"..\/..\/images\/tilesets\/kenney_hex_tiles\/kenney_hex_alienBeige.png",
         "imageheight":66,
         "imagewidth":40
        }, 
        {
         "id":1,
         "image":"..\/..\/images\/tilesets\/kenney_hex_tiles\/kenney_hex_alienBlue.png",
         "imageheight":66,
         "imagewidth":40
        }, 
        {
         "id":2,
         "image":"..\/..\/images\/tilesets\/kenney_hex_tiles\/kenney_hex_alienGreen.png",
         "imageheight":66,
         "imagewidth":40
        }, 
        {
         "id":3,
         "image":"..\/..\/images\/tilesets\/kenney_hex_tiles\/kenney_hex_alienPink.png",
         "imageheight":66,
         "imagewidth":40
        }, 
        {
         "id":4,
         "image":"..\/..\/images\/tilesets\/kenney_hex_tiles\/kenney_hex_alienYellow.png",
         "imageheight":60,
         "imagewidth":40
        }, 
        {
         "id":5,
         "image":"..\/..\/images\/tilesets\/kenney_hex_tiles\/kenney_hex_bushAutumn.png",
         "imageheight":20,
         "imagewidth":15
        }, 
        {
         "id":6,
         "image":"..\/..\/images\/tilesets\/kenney_hex_tiles\/kenney_hex_bushDirt.png",
         "imageheight":20,
         "imagewidth":15
        }, 
        {
         "id":7,
         "image":"..\/..\/images\/tilesets\/kenney_hex_tiles\/kenney_hex_bushGrass.png",
         "imageheight":20,
         "imagewidth":15
        }, 
        {
         "id":8,
         "image":"..\/..\/images\/tilesets\/kenney_hex_tiles\/kenney_hex_bushMagic.png",
         "imageheight":20,
         "imagewidth":15
        }, 
        {
         "id":9,
         "image":"..\/..\/images\/tilesets\/kenney_hex_tiles\/kenney_hex_bushSand.png",
         "imageheight":20,
         "imagewidth":15
        }, 
        {
         "id":10,
         "image":"..\/..\/images\/tilesets\/kenney_hex_tiles\/kenney_hex_bushSnow.png",
         "imageheight":20,
         "imagewidth":15
        }, 
        {
         "id":11,
         "image":"..\/..\/images\/tilesets\/kenney_hex_tiles\/kenney_hex_flowerBlue.png",
         "imageheight":11,
         "imagewidth":12
        }, 
        {
         "id":12,
         "image":"..\/..\/images\/tilesets\/kenney_hex_tiles\/kenney_hex_flowerGreen.png",
         "imageheight":11,
         "imagewidth":12
        }, 
        {
         "id":13,
         "image":"..\/..\/images\/tilesets\/kenney_hex_tiles\/kenney_hex_flowerRed.png",
         "imageheight":11,
         "imagewidth":12
        }, 
        {
         "id":14,
         "image":"..\/..\/images\/tilesets\/kenney_hex_tiles\/kenney_hex_flowerWhite.png",
         "imageheight":11,
         "imagewidth":12
        }, 
        {
         "id":15,
         "image":"..\/..\/images\/tilesets\/kenney_hex_tiles\/kenney_hex_flowerYellow.png",
         "imageheight":11,
         "imagewidth":12
        }, 
        {
         "id":16,
         "image":"..\/..\/images\/tilesets\/kenney_hex_tiles\/kenney_hex_hillAutumn.png",
         "imageheight":12,
         "imagewidth":33
        }, 
        {
         "id":17,
         "image":"..\/..\/images\/tilesets\/kenney_hex_tiles\/kenney_hex_hillDirt.png",
         "imageheight":12,
         "imagewidth":33
        }, 
        {
         "id":18,
         "image":"..\/..\/images\/tilesets\/kenney_hex_tiles\/kenney_hex_hillGrass.png",
         "imageheight":12,
         "imagewidth":33
        }, 
        {
         "id":19,
         "image":"..\/..\/images\/tilesets\/kenney_hex_tiles\/kenney_hex_hillMagic.png",
         "imageheight":12,
         "imagewidth":33
        }, 
        {
         "id":20,
         "image":"..\/..\/images\/tilesets\/kenney_hex_tiles\/kenney_hex_hillSand.png",
         "imageheight":12,
         "imagewidth":33
        }, 
        {
         "id":21,
         "image":"..\/..\/images\/tilesets\/kenney_hex_tiles\/kenney_hex_hillSnow.png",
         "imageheight":12,
         "imagewidth":33
        }, 
        {
         "id":22,
         "image":"..\/..\/images\/tilesets\/kenney_hex_tiles\/kenney_hex_pineAutumn_high.png",
         "imageheight":99,
         "imagewidth":30
        }, 
        {
         "id":23,
         "image":"..\/..\/images\/tilesets\/kenney_hex_tiles\/kenney_hex_pineAutumn_low.png",
         "imageheight":79,
         "imagewidth":30
        }, 
        {
         "id":24,
         "image":"..\/..\/images\/tilesets\/kenney_hex_tiles\/kenney_hex_pineAutumn_mid.png",
         "imageheight":101,
         "imagewidth":30
        }, 
        {
         "id":25,
         "image":"..\/..\/images\/tilesets\/kenney_hex_tiles\/kenney_hex_pineBlue_high.png",
         "imageheight":99,
         "imagewidth":30
        }, 
        {
         "id":26,
         "image":"..\/..\/images\/tilesets\/kenney_hex_tiles\/kenney_hex_pineBlue_low.png",
         "imageheight":79,
         "imagewidth":30
        }, 
        {
         "id":27,
         "image":"..\/..\/images\/tilesets\/kenney_hex_tiles\/kenney_hex_pineBlue_mid.png",
         "imageheight":101,
         "imagewidth":30
        }, 
        {
         "id":28,
         "image":"..\/..\/images\/tilesets\/kenney_hex_tiles\/kenney_hex_pineGreen_high.png",
         "imageheight":99,
         "imagewidth":30
        }, 
        {
         "id":29,
         "image":"..\/..\/images\/tilesets\/kenney_hex_tiles\/kenney_hex_pineGreen_low.png",
         "imageheight":79,
         "imagewidth":30
        }, 
        {
         "id":30,
         "image":"..\/..\/images\/tilesets\/kenney_hex_tiles\/kenney_hex_pineGreen_mid.png",
         "imageheight":101,
         "imagewidth":30
        }, 
        {
         "id":31,
         "image":"..\/..\/images\/tilesets\/kenney_hex_tiles\/kenney_hex_rockDirt.png",
         "imageheight":91,
         "imagewidth":65
        }, 
        {
         "id":32,
         "image":"..\/..\/images\/tilesets\/kenney_hex_tiles\/kenney_hex_rockDirt_moss1.png",
         "imageheight":91,
         "imagewidth":65
        }, 
        {
         "id":33,
         "image":"..\/..\/images\/tilesets\/kenney_hex_tiles\/kenney_hex_rockDirt_moss2.png",
         "imageheight":91,
         "imagewidth":65
        }, 
        {
         "id":34,
         "image":"..\/..\/images\/tilesets\/kenney_hex_tiles\/kenney_hex_rockDirt_moss3.png",
         "imageheight":91,
         "imagewidth":65
        }, 
        {
         "id":35,
         "image":"..\/..\/images\/tilesets\/kenney_hex_tiles\/kenney_hex_rockSnow_1.png",
         "imageheight":91,
         "imagewidth":65
        }, 
        {
         "id":36,
         "image":"..\/..\/images\/tilesets\/kenney_hex_tiles\/kenney_hex_rockSnow_2.png",
         "imageheight":91,
         "imagewidth":65
        }, 
        {
         "id":37,
         "image":"..\/..\/images\/tilesets\/kenney_hex_tiles\/kenney_hex_rockSnow_3.png",
         "imageheight":91,
         "imagewidth":65
        }, 
        {
         "id":38,
         "image":"..\/..\/images\/tilesets\/kenney_hex_tiles\/kenney_hex_rockStone.png",
         "imageheight":91,
         "imagewidth":65
        }, 
        {
         "id":39,
         "image":"..\/..\/images\/tilesets\/kenney_hex_tiles\/kenney_hex_rockStone_moss1.png",
         "imageheight":91,
         "imagewidth":65
        }, 
        {
         "id":40,
         "image":"..\/..\/images\/tilesets\/kenney_hex_tiles\/kenney_hex_rockStone_moss2.png",
         "imageheight":91,
         "imagewidth":65
        }, 
        {
         "id":41,
         "image":"..\/..\/images\/tilesets\/kenney_hex_tiles\/kenney_hex_rockStone_moss3.png",
         "imageheight":91,
         "imagewidth":65
        }, 
        {
         "id":42,
         "image":"..\/..\/images\/tilesets\/kenney_hex_tiles\/kenney_hex_smallRockDirt.png",
         "imageheight":33,
         "imagewidth":29
        }, 
        {
         "id":43,
         "image":"..\/..\/images\/tilesets\/kenney_hex_tiles\/kenney_hex_smallRockGrass.png",
         "imageheight":33,
         "imagewidth":29
        }, 
        {
         "id":44,
         "image":"..\/..\/images\/tilesets\/kenney_hex_tiles\/kenney_hex_smallRockSnow.png",
         "imageheight":33,
         "imagewidth":29
        }, 
        {
         "id":45,
         "image":"..\/..\/images\/tilesets\/kenney_hex_tiles\/kenney_hex_smallRockStone.png",
         "imageheight":33,
         "imagewidth":29
        }, 
        {
         "id":46,
         "image":"..\/..\/images\/tilesets\/kenney_hex_tiles\/kenney_hex_tileAutumn.png",
         "imageheight":89,
         "imagewidth":65
        }, 
        {
         "id":47,
         "image":"..\/..\/images\/tilesets\/kenney_hex_tiles\/kenney_hex_tileAutumn_full.png",
         "imageheight":89,
         "imagewidth":65
        }, 
        {
         "id":48,
         "image":"..\/..\/images\/tilesets\/kenney_hex_tiles\/kenney_hex_tileAutumn_tile.png",
         "imageheight":89,
         "imagewidth":65
        }, 
        {
         "id":49,
         "image":"..\/..\/images\/tilesets\/kenney_hex_tiles\/kenney_hex_tileDirt.png",
         "imageheight":89,
         "imagewidth":65
        }, 
        {
         "id":50,
         "image":"..\/..\/images\/tilesets\/kenney_hex_tiles\/kenney_hex_tileDirt_full.png",
         "imageheight":89,
         "imagewidth":65
        }, 
        {
         "id":51,
         "image":"..\/..\/images\/tilesets\/kenney_hex_tiles\/kenney_hex_tileDirt_tile.png",
         "imageheight":89,
         "imagewidth":65
        }, 
        {
         "id":52,
         "image":"..\/..\/images\/tilesets\/kenney_hex_tiles\/kenney_hex_tileGrass.png",
         "imageheight":89,
         "imagewidth":65
        }, 
        {
         "id":53,
         "image":"..\/..\/images\/tilesets\/kenney_hex_tiles\/kenney_hex_tileGrass_full.png",
         "imageheight":89,
         "imagewidth":65
        }, 
        {
         "id":54,
         "image":"..\/..\/images\/tilesets\/kenney_hex_tiles\/kenney_hex_tileGrass_tile.png",
         "imageheight":89,
         "imagewidth":65
        }, 
        {
         "id":55,
         "image":"..\/..\/images\/tilesets\/kenney_hex_tiles\/kenney_hex_tileLava.png",
         "imageheight":89,
         "imagewidth":65
        }, 
        {
         "id":56,
         "image":"..\/..\/images\/tilesets\/kenney_hex_tiles\/kenney_hex_tileLava_full.png",
         "imageheight":89,
         "imagewidth":65
        }, 
        {
         "id":57,
         "image":"..\/..\/images\/tilesets\/kenney_hex_tiles\/kenney_hex_tileLava_tile.png",
         "imageheight":89,
         "imagewidth":65
        }, 
        {
         "id":58,
         "image":"..\/..\/images\/tilesets\/kenney_hex_tiles\/kenney_hex_tileMagic.png",
         "imageheight":89,
         "imagewidth":65
        }, 
        {
         "id":59,
         "image":"..\/..\/images\/tilesets\/kenney_hex_tiles\/kenney_hex_tileMagic_full.png",
         "imageheight":89,
         "imagewidth":65
        }, 
        {
         "id":60,
         "image":"..\/..\/images\/tilesets\/kenney_hex_tiles\/kenney_hex_tileMagic_tile.png",
         "imageheight":89,
         "imagewidth":65
        }, 
        {
         "id":61,
         "image":"..\/..\/images\/tilesets\/kenney_hex_tiles\/kenney_hex_tileRock.png",
         "imageheight":89,
         "imagewidth":65
        }, 
        {
         "id":62,
         "image":"..\/..\/images\/tilesets\/kenney_hex_tiles\/kenney_hex_tileRock_full.png",
         "imageheight":89,
         "imagewidth":65
        }, 
        {
         "id":63,
         "image":"..\/..\/images\/tilesets\/kenney_hex_tiles\/kenney_hex_tileRock_tile.png",
         "imageheight":89,
         "imagewidth":65
        }, 
        {
         "id":64,
         "image":"..\/..\/images\/tilesets\/kenney_hex_tiles\/kenney_hex_tileSand.png",
         "imageheight":89,
         "imagewidth":65
        }, 
        {
         "id":65,
         "image":"..\/..\/images\/tilesets\/kenney_hex_tiles\/kenney_hex_tileSand_full.png",
         "imageheight":89,
         "imagewidth":65
        }, 
        {
         "id":66,
         "image":"..\/..\/images\/tilesets\/kenney_hex_tiles\/kenney_hex_tileSand_tile.png",
         "imageheight":89,
         "imagewidth":65
        }, 
        {
         "id":67,
         "image":"..\/..\/images\/tilesets\/kenney_hex_tiles\/kenney_hex_tileSnow.png",
         "imageheight":89,
         "imagewidth":65
        }, 
        {
         "id":68,
         "image":"..\/..\/images\/tilesets\/kenney_hex_tiles\/kenney_hex_tileSnow_full.png",
         "imageheight":89,
         "imagewidth":65
        }, 
        {
         "id":69,
         "image":"..\/..\/images\/tilesets\/kenney_hex_tiles\/kenney_hex_tileSnow_tile.png",
         "imageheight":89,
         "imagewidth":65
        }, 
        {
         "id":70,
         "image":"..\/..\/images\/tilesets\/kenney_hex_tiles\/kenney_hex_tileStone.png",
         "imageheight":89,
         "imagewidth":65
        }, 
        {
         "id":71,
         "image":"..\/..\/images\/tilesets\/kenney_hex_tiles\/kenney_hex_tileStone_bridge.png",
         "imageheight":89,
         "imagewidth":65
        }, 
        {
         "id":72,
         "image":"..\/..\/images\/tilesets\/kenney_hex_tiles\/kenney_hex_tileStone_full.png",
         "imageheight":89,
         "imagewidth":65
        }, 
        {
         "id":73,
         "image":"..\/..\/images\/tilesets\/kenney_hex_tiles\/kenney_hex_tileStone_tile.png",
         "imageheight":89,
         "imagewidth":65
        }, 
        {
         "id":74,
         "image":"..\/..\/images\/tilesets\/kenney_hex_tiles\/kenney_hex_tileWater.png",
         "imageheight":89,
         "imagewidth":65
        }, 
        {
         "id":75,
         "image":"..\/..\/images\/tilesets\/kenney_hex_tiles\/kenney_hex_tileWater_full.png",
         "imageheight":89,
         "imagewidth":65
        }, 
        {
         "id":76,
         "image":"..\/..\/images\/tilesets\/kenney_hex_tiles\/kenney_hex_tileWater_shadow.png",
         "imageheight":89,
         "imagewidth":65
        }, 
        {
         "id":77,
         "image":"..\/..\/images\/tilesets\/kenney_hex_tiles\/kenney_hex_tileWater_tile.png",
         "imageheight":89,
         "imagewidth":65
        }, 
        {
         "id":78,
         "image":"..\/..\/images\/tilesets\/kenney_hex_tiles\/kenney_hex_tileWood_bridge.png",
         "imageheight":89,
         "imagewidth":65
        }, 
        {
         "id":79,
         "image":"..\/..\/images\/tilesets\/kenney_hex_tiles\/kenney_hex_treeAutumn_high.png",
         "imageheight":107,
         "imagewidth":27
        }, 
        {
         "id":80,
         "image":"..\/..\/images\/tilesets\/kenney_hex_tiles\/kenney_hex_treeAutumn_low.png",
         "imageheight":87,
         "imagewidth":27
        }, 
        {
         "id":81,
         "image":"..\/..\/images\/tilesets\/kenney_hex_tiles\/kenney_hex_treeAutumn_mid.png",
         "imageheight":107,
         "imagewidth":27
        }, 
        {
         "id":82,
         "image":"..\/..\/images\/tilesets\/kenney_hex_tiles\/kenney_hex_treeBlue_high.png",
         "imageheight":107,
         "imagewidth":27
        }, 
        {
         "id":83,
         "image":"..\/..\/images\/tilesets\/kenney_hex_tiles\/kenney_hex_treeBlue_low.png",
         "imageheight":87,
         "imagewidth":27
        }, 
        {
         "id":84,
         "image":"..\/..\/images\/tilesets\/kenney_hex_tiles\/kenney_hex_treeBlue_mid.png",
         "imageheight":107,
         "imagewidth":27
        }, 
        {
         "id":85,
         "image":"..\/..\/images\/tilesets\/kenney_hex_tiles\/kenney_hex_treeCactus_1.png",
         "imageheight":66,
         "imagewidth":32
        }, 
        {
         "id":86,
         "image":"..\/..\/images\/tilesets\/kenney_hex_tiles\/kenney_hex_treeCactus_2.png",
         "imageheight":66,
         "imagewidth":29
        }, 
        {
         "id":87,
         "image":"..\/..\/images\/tilesets\/kenney_hex_tiles\/kenney_hex_treeCactus_3.png",
         "imageheight":66,
         "imagewidth":32
        }, 
        {
         "id":88,
         "image":"..\/..\/images\/tilesets\/kenney_hex_tiles\/kenney_hex_treeGreen_high.png",
         "imageheight":107,
         "imagewidth":27
        }, 
        {
         "id":89,
         "image":"..\/..\/images\/tilesets\/kenney_hex_tiles\/kenney_hex_treeGreen_low.png",
         "imageheight":87,
         "imagewidth":27
        }, 
        {
         "id":90,
         "image":"..\/..\/images\/tilesets\/kenney_hex_tiles\/kenney_hex_treeGreen_mid.png",
         "imageheight":107,
         "imagewidth":27
        }, 
        {
         "id":91,
         "image":"..\/..\/images\/tilesets\/kenney_hex_tiles\/kenney_hex_waveLava.png",
         "imageheight":10,
         "imagewidth":33
        }, 
        {
         "id":92,
         "image":"..\/..\/images\/tilesets\/kenney_hex_tiles\/kenney_hex_waveWater.png",
         "imageheight":10,
         "imagewidth":33
        }],
 "tilewidth":65,
 "type":"tileset",
 "version":1.4
}