{ "columns":0,
 "editorsettings":
    {
     "export":
        {
         "format":"",
         "target":"."
        }
    },
 "grid":
    {
     "height":1,
     "orientation":"orthogonal",
     "width":1
    },
 "margin":0,
 "name":"sevahrik_48_doodads",
 "spacing":0,
 "tilecount":14,
 "tiledversion":"1.3.3",
 "tileheight":144,
 "tiles":[
        {
         "id":0,
         "image":"..\/..\/images\/tilesets\/sevahrik_48_doodads\/evil_dungeon_arch.png",
         "imageheight":96,
         "imagewidth":240
        }, 
        {
         "id":1,
         "image":"..\/..\/images\/tilesets\/sevahrik_48_doodads\/evil_dungeon_coffin.png",
         "imageheight":96,
         "imagewidth":144,
         "properties":[
                {
                 "name":"base_offset_x_end",
                 "type":"int",
                 "value":137
                }, 
                {
                 "name":"base_offset_x_start",
                 "type":"int",
                 "value":5
                }, 
                {
                 "name":"base_offset_y_end",
                 "type":"int",
                 "value":94
                }, 
                {
                 "name":"base_offset_y_start",
                 "type":"int",
                 "value":48
                }, 
                {
                 "name":"move_to",
                 "type":"string",
                 "value":"0000"
                }]
        }, 
        {
         "id":2,
         "image":"..\/..\/images\/tilesets\/sevahrik_48_doodads\/evil_dungeon_coffin_open.png",
         "imageheight":96,
         "imagewidth":144,
         "properties":[
                {
                 "name":"base_offset_x_end",
                 "type":"int",
                 "value":137
                }, 
                {
                 "name":"base_offset_x_start",
                 "type":"int",
                 "value":5
                }, 
                {
                 "name":"base_offset_y_end",
                 "type":"int",
                 "value":94
                }, 
                {
                 "name":"base_offset_y_start",
                 "type":"int",
                 "value":48
                }, 
                {
                 "name":"move_to",
                 "type":"string",
                 "value":"0000"
                }]
        }, 
        {
         "id":3,
         "image":"..\/..\/images\/tilesets\/sevahrik_48_doodads\/evil_dungeon_nook.png",
         "imageheight":48,
         "imagewidth":48
        }, 
        {
         "id":4,
         "image":"..\/..\/images\/tilesets\/sevahrik_48_doodads\/evil_dungeon_nook_skull.png",
         "imageheight":48,
         "imagewidth":48
        }, 
        {
         "id":5,
         "image":"..\/..\/images\/tilesets\/sevahrik_48_doodads\/evil_dungeon_passage.png",
         "imageheight":144,
         "imagewidth":144,
         "properties":[
                {
                 "name":"base_offset_x_end",
                 "type":"int",
                 "value":96
                }, 
                {
                 "name":"base_offset_x_start",
                 "type":"int",
                 "value":48
                }, 
                {
                 "name":"base_offset_y_start",
                 "type":"int",
                 "value":96
                }]
        }, 
        {
         "id":6,
         "image":"..\/..\/images\/tilesets\/sevahrik_48_doodads\/evil_dungeon_pillar.png",
         "imageheight":144,
         "imagewidth":48
        }, 
        {
         "id":7,
         "image":"..\/..\/images\/tilesets\/sevahrik_48_doodads\/evil_dungeon_shackle_arms.png",
         "imageheight":13,
         "imagewidth":32
        }, 
        {
         "id":8,
         "image":"..\/..\/images\/tilesets\/sevahrik_48_doodads\/evil_dungeon_shackle_bone.png",
         "imageheight":34,
         "imagewidth":24
        }, 
        {
         "id":9,
         "image":"..\/..\/images\/tilesets\/sevahrik_48_doodads\/evil_dungeon_shackle_leg.png",
         "imageheight":9,
         "imagewidth":17
        }, 
        {
         "id":10,
         "image":"..\/..\/images\/tilesets\/sevahrik_48_doodads\/evil_dungeon_sign.png",
         "imageheight":48,
         "imagewidth":48
        }, 
        {
         "id":11,
         "image":"..\/..\/images\/tilesets\/sevahrik_48_doodads\/evil_dungeon_throne.png",
         "imageheight":96,
         "imagewidth":48,
         "properties":[
                {
                 "name":"base_offset_x_start",
                 "type":"int",
                 "value":1
                }, 
                {
                 "name":"base_offset_y_end",
                 "type":"int",
                 "value":92
                }, 
                {
                 "name":"base_offset_y_start",
                 "type":"int",
                 "value":72
                }, 
                {
                 "name":"move_to",
                 "type":"string",
                 "value":"0000"
                }]
        }, 
        {
         "id":12,
         "image":"..\/..\/images\/tilesets\/sevahrik_48_doodads\/pentagram.png",
         "imageheight":120,
         "imagewidth":110,
         "properties":[
                {
                 "name":"sprite_collection_path",
                 "type":"string",
                 "value":"pink_engine\/sprite_collections\/sevahrik pentagram.json"
                }, 
                {
                 "name":"stand_animation",
                 "type":"string",
                 "value":"off"
                }]
        }, 
        {
         "id":13,
         "image":"..\/..\/images\/tilesets\/sevahrik_48_doodads\/blood_spout.png",
         "imageheight":144,
         "imagewidth":48,
         "properties":[
                {
                 "name":"sprite_collection_path",
                 "type":"string",
                 "value":"pink_engine\/sprite_collections\/sevahrik evil dungeon fountain blood.json"
                }, 
                {
                 "name":"stand_animation",
                 "type":"string",
                 "value":"off"
                }]
        }],
 "tilewidth":240,
 "type":"tileset",
 "version":1.2
}