{ "columns":0,
 "grid":
    {
     "height":1,
     "orientation":"orthogonal",
     "width":1
    },
 "margin":0,
 "name":"special_move_indicators",
 "spacing":0,
 "tilecount":38,
 "tiledversion":"1.9.2",
 "tileheight":32,
 "tiles":[
        {
         "id":4,
         "image":"..\/..\/images\/tilesets\/special_move_indicators\/mi_hop_E.png",
         "imageheight":16,
         "imagewidth":16,
         "properties":[
                {
                 "name":"override_go_right",
                 "type":"string",
                 "value":"[\nControlCommand(\"special_move\", move_by_x=renpy.store.pink_otm_current_map.tile_size.x * 2, move_by_y=0, orientation=\"right\", arc_height=int(renpy.store.pink_otm_current_map.tile_size.y \/ 2), never_repeat=True, movement_time=self.movement_speed * 2.5, path=renpy.store.pink_otm_hop_noise, scale_sound=True)]"
                }, 
                {
                 "name":"override_go_right_condition",
                 "type":"string",
                 "value":"not renpy.store.pink_otm_current_map.is_coord_impassible(self.central_coord.x + 2, self.central_coord.y)"
                }, 
                {
                 "name":"override_go_right_coord_offsets",
                 "type":"string",
                 "value":"[(2, 0)]"
                }]
        }, 
        {
         "id":5,
         "image":"..\/..\/images\/tilesets\/special_move_indicators\/mi_hop_N.png",
         "imageheight":16,
         "imagewidth":16,
         "properties":[
                {
                 "name":"override_go_up",
                 "type":"string",
                 "value":"[\nControlCommand(\"special_move\", move_by_x=0, move_by_y=-renpy.store.pink_otm_current_map.tile_size.y * 2, orientation=\"up\", arc_height=int(renpy.store.pink_otm_current_map.tile_size.x \/ 2), never_repeat=True, movement_time=self.movement_speed * 2.5, path=renpy.store.pink_otm_hop_noise, scale_sound=True)]"
                }, 
                {
                 "name":"override_go_up_condition",
                 "type":"string",
                 "value":"not renpy.store.pink_otm_current_map.is_coord_impassible(self.central_coord.x, self.central_coord.y - 2)"
                }, 
                {
                 "name":"override_go_up_coord_offsets",
                 "type":"string",
                 "value":"[(0, -2)]"
                }]
        }, 
        {
         "id":6,
         "image":"..\/..\/images\/tilesets\/special_move_indicators\/mi_hop_S.png",
         "imageheight":16,
         "imagewidth":16,
         "properties":[
                {
                 "name":"override_go_down",
                 "type":"string",
                 "value":"[\nControlCommand(\"special_move\", move_by_x=0, move_by_y=renpy.store.pink_otm_current_map.tile_size.y * 2, orientation=\"down\", arc_height=int(renpy.store.pink_otm_current_map.tile_size.x \/ 2), never_repeat=True, movement_time=self.movement_speed * 2.5, path=renpy.store.pink_otm_hop_noise, scale_sound=True)]"
                }, 
                {
                 "name":"override_go_down_condition",
                 "type":"string",
                 "value":"not renpy.store.pink_otm_current_map.is_coord_impassible(self.central_coord.x, self.central_coord.y + 2)"
                }, 
                {
                 "name":"override_go_down_coord_offsets",
                 "type":"string",
                 "value":"[(0, 2)]"
                }]
        }, 
        {
         "id":7,
         "image":"..\/..\/images\/tilesets\/special_move_indicators\/mi_hop_W.png",
         "imageheight":16,
         "imagewidth":16,
         "properties":[
                {
                 "name":"override_go_left",
                 "type":"string",
                 "value":"[\nControlCommand(\"special_move\", move_by_x=-renpy.store.pink_otm_current_map.tile_size.x * 2, move_by_y=0, orientation=\"left\", arc_height=int(renpy.store.pink_otm_current_map.tile_size.y \/ 2), never_repeat=True, movement_time=self.movement_speed * 2.5, path=renpy.store.pink_otm_hop_noise, scale_sound=True)]"
                }, 
                {
                 "name":"override_go_left_condition",
                 "type":"string",
                 "value":" not renpy.store.pink_otm_current_map.is_coord_impassible(self.central_coord.x - 2, self.central_coord.y)"
                }, 
                {
                 "name":"override_go_left_coord_offsets",
                 "type":"string",
                 "value":"[(-2, 0)]"
                }]
        }, 
        {
         "id":9,
         "image":"..\/..\/images\/tilesets\/special_move_indicators\/mi_ladder_N.png",
         "imageheight":16,
         "imagewidth":16,
         "properties":[
                {
                 "name":"override_go_up",
                 "type":"string",
                 "value":"[\nControlCommand(\"special_move\", move_by_x=0, move_by_y=-renpy.store.pink_otm_current_map.tile_size.y, orientation=\"up\", never_repeat=True, movement_time=self.movement_speed * 2)]"
                }, 
                {
                 "name":"override_go_up_condition",
                 "type":"string",
                 "value":"not renpy.store.pink_otm_current_map.is_coord_impassible(self.central_coord.x, self.central_coord.y - 1)"
                }]
        }, 
        {
         "id":10,
         "image":"..\/..\/images\/tilesets\/special_move_indicators\/mi_ladder_N_entrance.png",
         "imageheight":16,
         "imagewidth":16,
         "properties":[
                {
                 "name":"override_go_up",
                 "type":"string",
                 "value":"[\nControlCommand(\"special_move\", move_by_x=0, move_by_y=-int(renpy.store.pink_otm_current_map.tile_size.y * 0.25), orientation=\"up\", never_repeat=True, movement_time=self.movement_speed * 0.5),\nControlCommand(\"special_move\", move_by_x=0, move_by_y=-int(renpy.store.pink_otm_current_map.tile_size.y * 0.75), orientation=\"up\", never_repeat=True, movement_time=self.movement_speed * 1.5)]"
                }, 
                {
                 "name":"override_go_up_condition",
                 "type":"string",
                 "value":"not renpy.store.pink_otm_current_map.is_coord_impassible(self.central_coord.x, self.central_coord.y - 1)"
                }]
        }, 
        {
         "id":11,
         "image":"..\/..\/images\/tilesets\/special_move_indicators\/mi_ladder_N_exit.png",
         "imageheight":16,
         "imagewidth":16,
         "properties":[
                {
                 "name":"override_go_up",
                 "type":"string",
                 "value":"[\nControlCommand(\"special_move\", move_by_x=0, move_by_y=-int(renpy.store.pink_otm_current_map.tile_size.y * 0.75), orientation=\"up\", never_repeat=True, movement_time=self.movement_speed * 1.5),\nControlCommand(\"special_move\", move_by_x=0, move_by_y=-int(renpy.store.pink_otm_current_map.tile_size.y * 0.25), orientation=\"up\", never_repeat=True, movement_time=self.movement_speed * 0.5)]"
                }, 
                {
                 "name":"override_go_up_condition",
                 "type":"string",
                 "value":"not renpy.store.pink_otm_current_map.is_coord_impassible(self.central_coord.x, self.central_coord.y - 1)"
                }]
        }, 
        {
         "id":12,
         "image":"..\/..\/images\/tilesets\/special_move_indicators\/mi_ladder_S.png",
         "imageheight":16,
         "imagewidth":16,
         "properties":[
                {
                 "name":"override_go_down",
                 "type":"string",
                 "value":"[\nControlCommand(\"special_move\", move_by_x=0, move_by_y=renpy.store.pink_otm_current_map.tile_size.y, orientation=\"up\", never_repeat=True, movement_time=self.movement_speed * 2)]"
                }, 
                {
                 "name":"override_go_down_condition",
                 "type":"string",
                 "value":"not renpy.store.pink_otm_current_map.is_coord_impassible(self.central_coord.x, self.central_coord.y + 1)"
                }]
        }, 
        {
         "id":13,
         "image":"..\/..\/images\/tilesets\/special_move_indicators\/mi_ladder_S_entrance.png",
         "imageheight":16,
         "imagewidth":16,
         "properties":[
                {
                 "name":"override_go_down",
                 "type":"string",
                 "value":"[\nControlCommand(\"special_move\", move_by_x=0, move_by_y=int(renpy.store.pink_otm_current_map.tile_size.y * 0.25), orientation=\"down\", never_repeat=True, movement_time=self.movement_speed * 0.5),\nControlCommand(\"special_move\", move_by_x=0, move_by_y=int(renpy.store.pink_otm_current_map.tile_size.y * 0.75), orientation=\"up\", never_repeat=True, movement_time=self.movement_speed * 1.5)]"
                }, 
                {
                 "name":"override_go_down_condition",
                 "type":"string",
                 "value":"not renpy.store.pink_otm_current_map.is_coord_impassible(self.central_coord.x, self.central_coord.y + 1)"
                }]
        }, 
        {
         "id":14,
         "image":"..\/..\/images\/tilesets\/special_move_indicators\/mi_ladder_S_exit.png",
         "imageheight":16,
         "imagewidth":16,
         "properties":[
                {
                 "name":"override_go_down",
                 "type":"string",
                 "value":"[\nControlCommand(\"special_move\", move_by_x=0, move_by_y=int(renpy.store.pink_otm_current_map.tile_size.y * 0.75), orientation=\"up\", never_repeat=True, movement_time=self.movement_speed * 1.5),\nControlCommand(\"special_move\", move_by_x=0, move_by_y=int(renpy.store.pink_otm_current_map.tile_size.y * 0.25), orientation=\"down\", never_repeat=True, movement_time=self.movement_speed * 0.5)]"
                }, 
                {
                 "name":"override_go_down_condition",
                 "type":"string",
                 "value":"not renpy.store.pink_otm_current_map.is_coord_impassible(self.central_coord.x, self.central_coord.y + 1)"
                }]
        }, 
        {
         "id":19,
         "image":"..\/..\/images\/tilesets\/special_move_indicators\/mi_stair_E_climb.png",
         "imageheight":16,
         "imagewidth":16,
         "properties":[
                {
                 "name":"override_go_right",
                 "type":"string",
                 "value":"[\nControlCommand(\"special_move\", move_by_x=renpy.store.pink_otm_current_map.tile_size.x, move_by_y=-renpy.store.pink_otm_current_map.tile_size.y, orientation=\"right\", never_repeat=True, movement_time=self.movement_speed * 1.5)]"
                }, 
                {
                 "name":"override_go_right_condition",
                 "type":"string",
                 "value":"not (renpy.store.pink_otm_current_map.is_coord_impassible(self.lower_right_coord.x + 1, self.lower_right_coord.y - 1) or renpy.store.pink_otm_current_map.is_coord_impassible(self.upper_right_coord.x + 1, self.upper_right_coord.y - 1))"
                }, 
                {
                 "name":"override_go_right_coord_offsets",
                 "type":"string",
                 "value":"[(1, 0), (1, -1)]"
                }]
        }, 
        {
         "id":20,
         "image":"..\/..\/images\/tilesets\/special_move_indicators\/mi_stair_E_climb_entrance.png",
         "imageheight":16,
         "imagewidth":16,
         "properties":[
                {
                 "name":"override_go_right",
                 "type":"string",
                 "value":"[\nControlCommand(\"special_move\", move_by_x=int(renpy.store.pink_otm_current_map.tile_size.x \/ 2), move_by_y=0, orientation=\"right\", never_repeat=True, movement_time=self.movement_speed * 0.5),\nControlCommand(\"special_move\", move_by_x=int(renpy.store.pink_otm_current_map.tile_size.x \/ 2), move_by_y=-int(renpy.store.pink_otm_current_map.tile_size.y \/ 2), orientation=\"right\", never_repeat=True, movement_time=self.movement_speed)]"
                }, 
                {
                 "name":"override_go_right_condition",
                 "type":"string",
                 "value":"not (renpy.store.pink_otm_current_map.is_coord_impassible(self.upper_right_coord.x + 1, self.upper_right_coord.y) or renpy.store.pink_otm_current_map.is_coord_impassible(self.upper_right_coord.x + 1, self.upper_right_coord.y - 1))"
                }, 
                {
                 "name":"override_go_right_coord_offsets",
                 "type":"string",
                 "value":"[(1, 0), (1, -1)]"
                }]
        }, 
        {
         "id":21,
         "image":"..\/..\/images\/tilesets\/special_move_indicators\/mi_stair_E_climb_exit.png",
         "imageheight":16,
         "imagewidth":16,
         "properties":[
                {
                 "name":"override_go_right",
                 "type":"string",
                 "value":"[\nControlCommand(\"special_move\", move_by_x=int(renpy.store.pink_otm_current_map.tile_size.x \/ 2), move_by_y=-int(renpy.store.pink_otm_current_map.tile_size.y \/ 2), orientation=\"right\", never_repeat=True, movement_time=self.movement_speed),\nControlCommand(\"special_move\", move_by_x=int(renpy.store.pink_otm_current_map.tile_size.x \/ 2), move_by_y=0, orientation=\"right\", never_repeat=True, movement_time=self.movement_speed * 0.5)]"
                }, 
                {
                 "name":"override_go_right_condition",
                 "type":"string",
                 "value":"not renpy.store.pink_otm_current_map.is_coord_impassible(self.upper_right_coord.x + 1, self.upper_right_coord.y)"
                }]
        }, 
        {
         "id":22,
         "image":"..\/..\/images\/tilesets\/special_move_indicators\/mi_stair_E_descend.png",
         "imageheight":16,
         "imagewidth":16,
         "properties":[
                {
                 "name":"override_go_right",
                 "type":"string",
                 "value":"[\nControlCommand(\"special_move\", move_by_x=renpy.store.pink_otm_current_map.tile_size.x, move_by_y=renpy.store.pink_otm_current_map.tile_size.y, orientation=\"right\", never_repeat=True, movement_time=self.movement_speed * 1.5)]"
                }, 
                {
                 "name":"override_go_right_condition",
                 "type":"string",
                 "value":"not (renpy.store.pink_otm_current_map.is_coord_impassible(self.upper_right_coord.x + 1, self.upper_right_coord.y + 1) or renpy.store.pink_otm_current_map.is_coord_impassible(self.lower_right_coord.x + 1, self.lower_right_coord.y + 1))"
                }, 
                {
                 "name":"override_go_right_coord_offsets",
                 "type":"string",
                 "value":"[(1, 0), (1, 1)]"
                }]
        }, 
        {
         "id":23,
         "image":"..\/..\/images\/tilesets\/special_move_indicators\/mi_stair_E_descend_entrance.png",
         "imageheight":16,
         "imagewidth":16,
         "properties":[
                {
                 "name":"override_go_right",
                 "type":"string",
                 "value":"[\nControlCommand(\"special_move\", move_by_x=int(renpy.store.pink_otm_current_map.tile_size.x \/ 2), move_by_y=0, orientation=\"right\", never_repeat=True, movement_time=self.movement_speed * 0.5),\nControlCommand(\"special_move\", move_by_x=int(renpy.store.pink_otm_current_map.tile_size.x \/ 2), move_by_y=int(renpy.store.pink_otm_current_map.tile_size.y \/ 2), orientation=\"right\", never_repeat=True, movement_time=self.movement_speed)]"
                }, 
                {
                 "name":"override_go_right_condition",
                 "type":"string",
                 "value":"not (renpy.store.pink_otm_current_map.is_coord_impassible(self.lower_right_coord.x + 1, self.lower_right_coord.y) or renpy.store.pink_otm_current_map.is_coord_impassible(self.lower_right_coord.x + 1, self.lower_right_coord.y + 1))"
                }, 
                {
                 "name":"override_go_right_coord_offsets",
                 "type":"string",
                 "value":"[(1, 0), (1, 1)]"
                }]
        }, 
        {
         "id":24,
         "image":"..\/..\/images\/tilesets\/special_move_indicators\/mi_stair_E_descend_exit.png",
         "imageheight":16,
         "imagewidth":16,
         "properties":[
                {
                 "name":"override_go_right",
                 "type":"string",
                 "value":"[\nControlCommand(\"special_move\", move_by_x=int(renpy.store.pink_otm_current_map.tile_size.x \/ 2), move_by_y=int(renpy.store.pink_otm_current_map.tile_size.y \/ 2), orientation=\"right\", never_repeat=True, movement_time=self.movement_speed),\nControlCommand(\"special_move\", move_by_x=int(renpy.store.pink_otm_current_map.tile_size.x \/ 2), move_by_y=0, orientation=\"right\", never_repeat=True, movement_time=self.movement_speed * 0.5)]"
                }, 
                {
                 "name":"override_go_right_condition",
                 "type":"string",
                 "value":"not renpy.store.pink_otm_current_map.is_coord_impassible(self.lower_right_coord.x + 1, self.lower_right_coord.y)"
                }]
        }, 
        {
         "id":25,
         "image":"..\/..\/images\/tilesets\/special_move_indicators\/mi_stair_W_climb.png",
         "imageheight":16,
         "imagewidth":16,
         "properties":[
                {
                 "name":"override_go_left",
                 "type":"string",
                 "value":"[\nControlCommand(\"special_move\", move_by_x=-renpy.store.pink_otm_current_map.tile_size.x, move_by_y=-renpy.store.pink_otm_current_map.tile_size.y, orientation=\"left\", never_repeat=True, movement_time=self.movement_speed * 1.5)]"
                }, 
                {
                 "name":"override_go_left_condition",
                 "type":"string",
                 "value":"not (renpy.store.pink_otm_current_map.is_coord_impassible(self.lower_left_coord.x - 1, self.lower_left_coord.y - 1) or renpy.store.pink_otm_current_map.is_coord_impassible(self.upper_left_coord.x - 1, self.upper_left_coord.y - 1))"
                }, 
                {
                 "name":"override_go_left_coord_offsets",
                 "type":"string",
                 "value":"[(-1, 0), (-1, -1)]"
                }]
        }, 
        {
         "id":26,
         "image":"..\/..\/images\/tilesets\/special_move_indicators\/mi_stair_W_climb_entrance.png",
         "imageheight":16,
         "imagewidth":16,
         "properties":[
                {
                 "name":"override_go_left",
                 "type":"string",
                 "value":"[\nControlCommand(\"special_move\", move_by_x=-int(renpy.store.pink_otm_current_map.tile_size.x \/ 2), move_by_y=0, orientation=\"left\", never_repeat=True, movement_time=self.movement_speed * 0.5),\nControlCommand(\"special_move\", move_by_x=-int(renpy.store.pink_otm_current_map.tile_size.x \/ 2), move_by_y=-int(renpy.store.pink_otm_current_map.tile_size.y \/ 2), orientation=\"left\", never_repeat=True, movement_time=self.movement_speed)]"
                }, 
                {
                 "name":"override_go_left_condition",
                 "type":"string",
                 "value":"not (renpy.store.pink_otm_current_map.is_coord_impassible(self.upper_left_coord.x - 1, self.upper_left_coord.y) or renpy.store.pink_otm_current_map.is_coord_impassible(self.upper_left_coord.x - 1, self.upper_left_coord.y - 1))"
                }, 
                {
                 "name":"override_go_left_coord_offsets",
                 "type":"string",
                 "value":"[(-1, 0), (-1, -1)]"
                }]
        }, 
        {
         "id":27,
         "image":"..\/..\/images\/tilesets\/special_move_indicators\/mi_stair_W_climb_exit.png",
         "imageheight":16,
         "imagewidth":16,
         "properties":[
                {
                 "name":"override_go_left",
                 "type":"string",
                 "value":"[\nControlCommand(\"special_move\", move_by_x=-int(renpy.store.pink_otm_current_map.tile_size.x \/ 2), move_by_y=-int(renpy.store.pink_otm_current_map.tile_size.y \/ 2), orientation=\"left\", never_repeat=True, movement_time=self.movement_speed),\nControlCommand(\"special_move\", move_by_x=-int(renpy.store.pink_otm_current_map.tile_size.x \/ 2), move_by_y=0, orientation=\"left\", never_repeat=True, movement_time=self.movement_speed * 0.5)]"
                }, 
                {
                 "name":"override_go_left_condition",
                 "type":"string",
                 "value":"not renpy.store.pink_otm_current_map.is_coord_impassible(self.upper_left_coord.x - 1, self.upper_left_coord.y)"
                }]
        }, 
        {
         "id":28,
         "image":"..\/..\/images\/tilesets\/special_move_indicators\/mi_stair_W_descend.png",
         "imageheight":16,
         "imagewidth":16,
         "properties":[
                {
                 "name":"override_go_left",
                 "type":"string",
                 "value":"[\nControlCommand(\"special_move\", move_by_x=-renpy.store.pink_otm_current_map.tile_size.x, move_by_y=renpy.store.pink_otm_current_map.tile_size.y, orientation=\"left\", never_repeat=True, movement_time=self.movement_speed * 1.5)]"
                }, 
                {
                 "name":"override_go_left_condition",
                 "type":"string",
                 "value":"not (renpy.store.pink_otm_current_map.is_coord_impassible(self.upper_left_coord.x - 1, self.upper_left_coord.y + 1) or renpy.store.pink_otm_current_map.is_coord_impassible(self.lower_left_coord.x - 1, self.lower_left_coord.y + 1)) "
                }, 
                {
                 "name":"override_go_left_coord_offsets",
                 "type":"string",
                 "value":"[(-1, 0), (-1, 1)]"
                }]
        }, 
        {
         "id":29,
         "image":"..\/..\/images\/tilesets\/special_move_indicators\/mi_stair_W_descend_entrance.png",
         "imageheight":16,
         "imagewidth":16,
         "properties":[
                {
                 "name":"override_go_left",
                 "type":"string",
                 "value":"[\nControlCommand(\"special_move\", move_by_x=-int(renpy.store.pink_otm_current_map.tile_size.x \/ 2), move_by_y=0, orientation=\"left\", never_repeat=True, movement_time=self.movement_speed * 0.5),\nControlCommand(\"special_move\", move_by_x=-int(renpy.store.pink_otm_current_map.tile_size.x \/ 2), move_by_y=int(renpy.store.pink_otm_current_map.tile_size.y \/ 2), orientation=\"left\", never_repeat=True, movement_time=self.movement_speed)]"
                }, 
                {
                 "name":"override_go_left_condition",
                 "type":"string",
                 "value":"not (renpy.store.pink_otm_current_map.is_coord_impassible(self.lower_left_coord.x - 1, self.lower_left_coord.y) or renpy.store.pink_otm_current_map.is_coord_impassible(self.lower_left_coord.x - 1, self.lower_left_coord.y + 1))"
                }, 
                {
                 "name":"override_go_left_coord_offsets",
                 "type":"string",
                 "value":"[(-1, 0), (-1, 1)]"
                }]
        }, 
        {
         "id":30,
         "image":"..\/..\/images\/tilesets\/special_move_indicators\/mi_stair_W_descend_exit.png",
         "imageheight":16,
         "imagewidth":16,
         "properties":[
                {
                 "name":"override_go_left",
                 "type":"string",
                 "value":"[\nControlCommand(\"special_move\", move_by_x=-int(renpy.store.pink_otm_current_map.tile_size.x \/ 2), move_by_y=int(renpy.store.pink_otm_current_map.tile_size.y \/ 2), orientation=\"left\", never_repeat=True, movement_time=self.movement_speed),\nControlCommand(\"special_move\", move_by_x=-int(renpy.store.pink_otm_current_map.tile_size.x \/ 2), move_by_y=0, orientation=\"left\", never_repeat=True, movement_time=self.movement_speed * 0.5)]"
                }, 
                {
                 "name":"override_go_left_condition",
                 "type":"string",
                 "value":"not renpy.store.pink_otm_current_map.is_coord_impassible(self.lower_left_coord.x - 1, self.lower_left_coord.y)"
                }]
        }, 
        {
         "id":31,
         "image":"..\/..\/images\/tilesets\/special_move_indicators\/mi_0000.png",
         "imageheight":32,
         "imagewidth":32,
         "properties":[
                {
                 "name":"move_from",
                 "type":"string",
                 "value":"1111"
                }, 
                {
                 "name":"move_to",
                 "type":"string",
                 "value":"1111"
                }]
        }, 
        {
         "id":32,
         "image":"..\/..\/images\/tilesets\/special_move_indicators\/mi_0001.png",
         "imageheight":32,
         "imagewidth":32,
         "properties":[
                {
                 "name":"move_from",
                 "type":"string",
                 "value":"1110"
                }, 
                {
                 "name":"move_to",
                 "type":"string",
                 "value":"1110"
                }]
        }, 
        {
         "id":33,
         "image":"..\/..\/images\/tilesets\/special_move_indicators\/mi_0010.png",
         "imageheight":32,
         "imagewidth":32,
         "properties":[
                {
                 "name":"move_from",
                 "type":"string",
                 "value":"1101"
                }, 
                {
                 "name":"move_to",
                 "type":"string",
                 "value":"1101"
                }]
        }, 
        {
         "id":34,
         "image":"..\/..\/images\/tilesets\/special_move_indicators\/mi_0011.png",
         "imageheight":32,
         "imagewidth":32,
         "properties":[
                {
                 "name":"move_from",
                 "type":"string",
                 "value":"1100"
                }, 
                {
                 "name":"move_to",
                 "type":"string",
                 "value":"1100"
                }]
        }, 
        {
         "id":35,
         "image":"..\/..\/images\/tilesets\/special_move_indicators\/mi_0100.png",
         "imageheight":32,
         "imagewidth":32,
         "properties":[
                {
                 "name":"move_from",
                 "type":"string",
                 "value":"1011"
                }, 
                {
                 "name":"move_to",
                 "type":"string",
                 "value":"1011"
                }]
        }, 
        {
         "id":36,
         "image":"..\/..\/images\/tilesets\/special_move_indicators\/mi_0101.png",
         "imageheight":32,
         "imagewidth":32,
         "properties":[
                {
                 "name":"move_from",
                 "type":"string",
                 "value":"1010"
                }, 
                {
                 "name":"move_to",
                 "type":"string",
                 "value":"1010"
                }]
        }, 
        {
         "id":37,
         "image":"..\/..\/images\/tilesets\/special_move_indicators\/mi_0110.png",
         "imageheight":32,
         "imagewidth":32,
         "properties":[
                {
                 "name":"move_from",
                 "type":"string",
                 "value":"1001"
                }, 
                {
                 "name":"move_to",
                 "type":"string",
                 "value":"1001"
                }]
        }, 
        {
         "id":38,
         "image":"..\/..\/images\/tilesets\/special_move_indicators\/mi_0111.png",
         "imageheight":32,
         "imagewidth":32,
         "properties":[
                {
                 "name":"move_from",
                 "type":"string",
                 "value":"1000"
                }, 
                {
                 "name":"move_to",
                 "type":"string",
                 "value":"1000"
                }]
        }, 
        {
         "id":39,
         "image":"..\/..\/images\/tilesets\/special_move_indicators\/mi_1000.png",
         "imageheight":32,
         "imagewidth":32,
         "properties":[
                {
                 "name":"move_from",
                 "type":"string",
                 "value":"0111"
                }, 
                {
                 "name":"move_to",
                 "type":"string",
                 "value":"0111"
                }]
        }, 
        {
         "id":40,
         "image":"..\/..\/images\/tilesets\/special_move_indicators\/mi_1001.png",
         "imageheight":32,
         "imagewidth":32,
         "properties":[
                {
                 "name":"move_from",
                 "type":"string",
                 "value":"0110"
                }, 
                {
                 "name":"move_to",
                 "type":"string",
                 "value":"0110"
                }]
        }, 
        {
         "id":41,
         "image":"..\/..\/images\/tilesets\/special_move_indicators\/mi_1010.png",
         "imageheight":32,
         "imagewidth":32,
         "properties":[
                {
                 "name":"move_from",
                 "type":"string",
                 "value":"0101"
                }, 
                {
                 "name":"move_to",
                 "type":"string",
                 "value":"0101"
                }]
        }, 
        {
         "id":42,
         "image":"..\/..\/images\/tilesets\/special_move_indicators\/mi_1011.png",
         "imageheight":32,
         "imagewidth":32,
         "properties":[
                {
                 "name":"move_from",
                 "type":"string",
                 "value":"0100"
                }, 
                {
                 "name":"move_to",
                 "type":"string",
                 "value":"0100"
                }]
        }, 
        {
         "id":43,
         "image":"..\/..\/images\/tilesets\/special_move_indicators\/mi_1100.png",
         "imageheight":32,
         "imagewidth":32,
         "properties":[
                {
                 "name":"move_from",
                 "type":"string",
                 "value":"0011"
                }, 
                {
                 "name":"move_to",
                 "type":"string",
                 "value":"0011"
                }]
        }, 
        {
         "id":44,
         "image":"..\/..\/images\/tilesets\/special_move_indicators\/mi_1101.png",
         "imageheight":32,
         "imagewidth":32,
         "properties":[
                {
                 "name":"move_from",
                 "type":"string",
                 "value":"0010"
                }, 
                {
                 "name":"move_to",
                 "type":"string",
                 "value":"0010"
                }]
        }, 
        {
         "id":45,
         "image":"..\/..\/images\/tilesets\/special_move_indicators\/mi_1110.png",
         "imageheight":32,
         "imagewidth":32,
         "properties":[
                {
                 "name":"move_from",
                 "type":"string",
                 "value":"0001"
                }, 
                {
                 "name":"move_to",
                 "type":"string",
                 "value":"0001"
                }]
        }, 
        {
         "id":46,
         "image":"..\/..\/images\/tilesets\/special_move_indicators\/mi_1111.png",
         "imageheight":32,
         "imagewidth":32,
         "properties":[
                {
                 "name":"move_from",
                 "type":"string",
                 "value":"0000"
                }, 
                {
                 "name":"move_to",
                 "type":"string",
                 "value":"0000"
                }]
        }],
 "tilewidth":32,
 "type":"tileset",
 "version":"1.9"
}