{ "columns":0,
 "grid":
    {
     "height":1,
     "orientation":"orthogonal",
     "width":1
    },
 "margin":0,
 "name":"tileset_testlab_64_64_hex",
 "spacing":0,
 "tilecount":3,
 "tiledversion":"1.4.2",
 "tileheight":68,
 "tiles":[
        {
         "id":0,
         "image":"..\/..\/images\/tilesets\/tileset_testlab_64_64_hex\/testlab_hex_deep_water.png",
         "imageheight":64,
         "imagewidth":64
        }, 
        {
         "id":1,
         "image":"..\/..\/images\/tilesets\/tileset_testlab_64_64_hex\/testlab_hex_shallow_ground.png",
         "imageheight":68,
         "imagewidth":64
        }, 
        {
         "id":2,
         "image":"..\/..\/images\/tilesets\/tileset_testlab_64_64_hex\/testlab_hex_shallow_water.png",
         "imageheight":66,
         "imagewidth":64
        }],
 "tilewidth":64,
 "type":"tileset",
 "version":1.4
}