{ "columns":0,
 "grid":
    {
     "height":1,
     "orientation":"orthogonal",
     "width":1
    },
 "margin":0,
 "name":"tileset_testlab_64_64_iso",
 "spacing":0,
 "tilecount":4,
 "tiledversion":"1.4.2",
 "tileheight":128,
 "tiles":[
        {
         "id":0,
         "image":"..\/..\/images\/tilesets\/tileset_testlab_64_64_iso\/lab_flo_iso_1_00000000.png",
         "imageheight":64,
         "imagewidth":64
        }, 
        {
         "id":1,
         "image":"..\/..\/images\/tilesets\/tileset_testlab_64_64_iso\/lab_wal_iso_1_1111.png",
         "imageheight":128,
         "imagewidth":64
        }, 
        {
         "id":2,
         "image":"..\/..\/images\/tilesets\/tileset_testlab_64_64_iso\/lab_wal_iso_2_1111.png",
         "imageheight":128,
         "imagewidth":64
        }, 
        {
         "id":3,
         "image":"..\/..\/images\/tilesets\/tileset_testlab_64_64_iso\/lab_flo_iso_1_pillar.png",
         "imageheight":128,
         "imagewidth":64
        }],
 "tilewidth":64,
 "type":"tileset",
 "version":1.4
}