{ "columns":0,
 "grid":
    {
     "height":1,
     "orientation":"orthogonal",
     "width":1
    },
 "margin":0,
 "name":"tileset_testlab_alphabet",
 "spacing":0,
 "tilecount":38,
 "tiledversion":"1.4.2",
 "tileheight":40,
 "tiles":[
        {
         "id":0,
         "image":"..\/..\/images\/tilesets\/tileset_testlab_alphabet\/&.png",
         "imageheight":40,
         "imagewidth":16
        }, 
        {
         "id":1,
         "image":"..\/..\/images\/tilesets\/tileset_testlab_alphabet\/-.png",
         "imageheight":40,
         "imagewidth":16
        }, 
        {
         "id":2,
         "image":"..\/..\/images\/tilesets\/tileset_testlab_alphabet\/0.png",
         "imageheight":40,
         "imagewidth":16
        }, 
        {
         "id":3,
         "image":"..\/..\/images\/tilesets\/tileset_testlab_alphabet\/1.png",
         "imageheight":40,
         "imagewidth":16
        }, 
        {
         "id":4,
         "image":"..\/..\/images\/tilesets\/tileset_testlab_alphabet\/2.png",
         "imageheight":40,
         "imagewidth":16
        }, 
        {
         "id":5,
         "image":"..\/..\/images\/tilesets\/tileset_testlab_alphabet\/3.png",
         "imageheight":40,
         "imagewidth":16
        }, 
        {
         "id":6,
         "image":"..\/..\/images\/tilesets\/tileset_testlab_alphabet\/4.png",
         "imageheight":40,
         "imagewidth":16
        }, 
        {
         "id":7,
         "image":"..\/..\/images\/tilesets\/tileset_testlab_alphabet\/5.png",
         "imageheight":40,
         "imagewidth":16
        }, 
        {
         "id":8,
         "image":"..\/..\/images\/tilesets\/tileset_testlab_alphabet\/6.png",
         "imageheight":40,
         "imagewidth":16
        }, 
        {
         "id":9,
         "image":"..\/..\/images\/tilesets\/tileset_testlab_alphabet\/7.png",
         "imageheight":40,
         "imagewidth":16
        }, 
        {
         "id":10,
         "image":"..\/..\/images\/tilesets\/tileset_testlab_alphabet\/8.png",
         "imageheight":40,
         "imagewidth":16
        }, 
        {
         "id":11,
         "image":"..\/..\/images\/tilesets\/tileset_testlab_alphabet\/9.png",
         "imageheight":40,
         "imagewidth":16
        }, 
        {
         "id":12,
         "image":"..\/..\/images\/tilesets\/tileset_testlab_alphabet\/A.png",
         "imageheight":40,
         "imagewidth":16
        }, 
        {
         "id":13,
         "image":"..\/..\/images\/tilesets\/tileset_testlab_alphabet\/B.png",
         "imageheight":40,
         "imagewidth":16
        }, 
        {
         "id":14,
         "image":"..\/..\/images\/tilesets\/tileset_testlab_alphabet\/C.png",
         "imageheight":40,
         "imagewidth":16
        }, 
        {
         "id":15,
         "image":"..\/..\/images\/tilesets\/tileset_testlab_alphabet\/D.png",
         "imageheight":40,
         "imagewidth":16
        }, 
        {
         "id":16,
         "image":"..\/..\/images\/tilesets\/tileset_testlab_alphabet\/E.png",
         "imageheight":40,
         "imagewidth":16
        }, 
        {
         "id":17,
         "image":"..\/..\/images\/tilesets\/tileset_testlab_alphabet\/F.png",
         "imageheight":40,
         "imagewidth":16
        }, 
        {
         "id":18,
         "image":"..\/..\/images\/tilesets\/tileset_testlab_alphabet\/G.png",
         "imageheight":40,
         "imagewidth":16
        }, 
        {
         "id":19,
         "image":"..\/..\/images\/tilesets\/tileset_testlab_alphabet\/H.png",
         "imageheight":40,
         "imagewidth":16
        }, 
        {
         "id":20,
         "image":"..\/..\/images\/tilesets\/tileset_testlab_alphabet\/I.png",
         "imageheight":40,
         "imagewidth":16
        }, 
        {
         "id":21,
         "image":"..\/..\/images\/tilesets\/tileset_testlab_alphabet\/J.png",
         "imageheight":40,
         "imagewidth":16
        }, 
        {
         "id":22,
         "image":"..\/..\/images\/tilesets\/tileset_testlab_alphabet\/K.png",
         "imageheight":40,
         "imagewidth":16
        }, 
        {
         "id":23,
         "image":"..\/..\/images\/tilesets\/tileset_testlab_alphabet\/L.png",
         "imageheight":40,
         "imagewidth":16
        }, 
        {
         "id":24,
         "image":"..\/..\/images\/tilesets\/tileset_testlab_alphabet\/M.png",
         "imageheight":40,
         "imagewidth":16
        }, 
        {
         "id":25,
         "image":"..\/..\/images\/tilesets\/tileset_testlab_alphabet\/N.png",
         "imageheight":40,
         "imagewidth":16
        }, 
        {
         "id":26,
         "image":"..\/..\/images\/tilesets\/tileset_testlab_alphabet\/O.png",
         "imageheight":40,
         "imagewidth":16
        }, 
        {
         "id":27,
         "image":"..\/..\/images\/tilesets\/tileset_testlab_alphabet\/P.png",
         "imageheight":40,
         "imagewidth":16
        }, 
        {
         "id":28,
         "image":"..\/..\/images\/tilesets\/tileset_testlab_alphabet\/Q.png",
         "imageheight":40,
         "imagewidth":16
        }, 
        {
         "id":29,
         "image":"..\/..\/images\/tilesets\/tileset_testlab_alphabet\/R.png",
         "imageheight":40,
         "imagewidth":16
        }, 
        {
         "id":30,
         "image":"..\/..\/images\/tilesets\/tileset_testlab_alphabet\/S.png",
         "imageheight":40,
         "imagewidth":16
        }, 
        {
         "id":31,
         "image":"..\/..\/images\/tilesets\/tileset_testlab_alphabet\/T.png",
         "imageheight":40,
         "imagewidth":16
        }, 
        {
         "id":32,
         "image":"..\/..\/images\/tilesets\/tileset_testlab_alphabet\/U.png",
         "imageheight":40,
         "imagewidth":16
        }, 
        {
         "id":33,
         "image":"..\/..\/images\/tilesets\/tileset_testlab_alphabet\/V.png",
         "imageheight":40,
         "imagewidth":16
        }, 
        {
         "id":34,
         "image":"..\/..\/images\/tilesets\/tileset_testlab_alphabet\/W.png",
         "imageheight":40,
         "imagewidth":16
        }, 
        {
         "id":35,
         "image":"..\/..\/images\/tilesets\/tileset_testlab_alphabet\/X.png",
         "imageheight":40,
         "imagewidth":16
        }, 
        {
         "id":36,
         "image":"..\/..\/images\/tilesets\/tileset_testlab_alphabet\/Y.png",
         "imageheight":40,
         "imagewidth":16
        }, 
        {
         "id":37,
         "image":"..\/..\/images\/tilesets\/tileset_testlab_alphabet\/Z.png",
         "imageheight":40,
         "imagewidth":16
        }],
 "tilewidth":16,
 "type":"tileset",
 "version":1.4
}