{ "columns":0,
 "grid":
    {
     "height":1,
     "orientation":"orthogonal",
     "width":1
    },
 "margin":0,
 "name":"tileset_setlab_objects_64_64",
 "spacing":0,
 "tilecount":43,
 "tiledversion":"1.9.2",
 "tileheight":256,
 "tiles":[
        {
         "id":0,
         "image":"..\/..\/images\/tilesets\/tileset_testlab_objects_64_64\/lab_obj_floor_doodad.png",
         "imageheight":64,
         "imagewidth":64,
         "properties":[
                {
                 "name":"move_from",
                 "type":"string",
                 "value":"1111"
                }, 
                {
                 "name":"move_to",
                 "type":"string",
                 "value":"1111"
                }]
        }, 
        {
         "id":1,
         "image":"..\/..\/images\/tilesets\/tileset_testlab_objects_64_64\/lab_obj_magic_rock.png",
         "imageheight":64,
         "imagewidth":64,
         "properties":[
                {
                 "name":"base_offset_x_end",
                 "type":"int",
                 "value":59
                }, 
                {
                 "name":"base_offset_x_start",
                 "type":"int",
                 "value":4
                }, 
                {
                 "name":"base_offset_y_end",
                 "type":"int",
                 "value":56
                }, 
                {
                 "name":"base_offset_y_start",
                 "type":"int",
                 "value":28
                }, 
                {
                 "name":"move_from",
                 "type":"string",
                 "value":"0000"
                }, 
                {
                 "name":"move_to",
                 "type":"string",
                 "value":"0000"
                }]
        }, 
        {
         "id":2,
         "image":"..\/..\/images\/tilesets\/tileset_testlab_objects_64_64\/lab_obj_pillar.png",
         "imageheight":192,
         "imagewidth":64,
         "properties":[
                {
                 "name":"base_offset_x_end",
                 "type":"int",
                 "value":50
                }, 
                {
                 "name":"base_offset_x_start",
                 "type":"int",
                 "value":14
                }, 
                {
                 "name":"base_offset_y_end",
                 "type":"int",
                 "value":180
                }, 
                {
                 "name":"base_offset_y_start",
                 "type":"int",
                 "value":139
                }, 
                {
                 "name":"move_from",
                 "type":"string",
                 "value":"0000"
                }, 
                {
                 "name":"move_to",
                 "type":"string",
                 "value":"0000"
                }]
        }, 
        {
         "id":4,
         "image":"..\/..\/images\/tilesets\/tileset_testlab_objects_64_64\/lab_obj_pillar_tall.png",
         "imageheight":256,
         "imagewidth":64,
         "properties":[
                {
                 "name":"base_offset_x_end",
                 "type":"int",
                 "value":50
                }, 
                {
                 "name":"base_offset_x_start",
                 "type":"int",
                 "value":14
                }, 
                {
                 "name":"base_offset_y_end",
                 "type":"int",
                 "value":245
                }, 
                {
                 "name":"base_offset_y_start",
                 "type":"int",
                 "value":204
                }, 
                {
                 "name":"move_from",
                 "type":"string",
                 "value":"0000"
                }, 
                {
                 "name":"move_to",
                 "type":"string",
                 "value":"0000"
                }]
        }, 
        {
         "id":5,
         "image":"..\/..\/images\/tilesets\/tileset_testlab_objects_64_64\/lab_obj_door_science.png",
         "imageheight":192,
         "imagewidth":192,
         "properties":[
                {
                 "name":"base_offset_x_end",
                 "type":"int",
                 "value":128
                }, 
                {
                 "name":"base_offset_x_start",
                 "type":"int",
                 "value":64
                }, 
                {
                 "name":"base_offset_y_end",
                 "type":"int",
                 "value":128
                }, 
                {
                 "name":"base_offset_y_start",
                 "type":"int",
                 "value":123
                }, 
                {
                 "name":"default_interaction_stack",
                 "type":"string",
                 "value":"[ControlCommand(\"change_stand_animation\", animation_name=\"closed\", never_repeat=True), ControlCommand(\"play_animation\",animation_name=\"closed_to_open\",never_repeat=True), ControlCommand(\"change_stand_animation\", animation_name=\"open\", never_repeat=True)]"
                }, 
                {
                 "name":"forbid_autocenter",
                 "type":"bool",
                 "value":true
                }, 
                {
                 "name":"sprite_collection_path",
                 "type":"string",
                 "value":"pink_engine\/sprite_collections\/test_lab_door_01.json"
                }, 
                {
                 "name":"stand_animation",
                 "type":"string",
                 "value":"closed"
                }]
        }, 
        {
         "id":6,
         "image":"..\/..\/images\/tilesets\/tileset_testlab_objects_64_64\/lab_obj_sign.png",
         "imageheight":64,
         "imagewidth":64,
         "properties":[
                {
                 "name":"base_offset_x_end",
                 "type":"int",
                 "value":52
                }, 
                {
                 "name":"base_offset_x_start",
                 "type":"int",
                 "value":12
                }, 
                {
                 "name":"base_offset_y_end",
                 "type":"int",
                 "value":45
                }, 
                {
                 "name":"base_offset_y_start",
                 "type":"int",
                 "value":19
                }]
        }, 
        {
         "id":7,
         "image":"..\/..\/images\/tilesets\/tileset_testlab_objects_64_64\/lab_obj_empty_tile.png",
         "imageheight":64,
         "imagewidth":64
        }, 
        {
         "id":8,
         "image":"..\/..\/images\/tilesets\/tileset_testlab_objects_64_64\/lab_obj_computer.png",
         "imageheight":192,
         "imagewidth":64,
         "properties":[
                {
                 "name":"base_offset_x_end",
                 "type":"int",
                 "value":50
                }, 
                {
                 "name":"base_offset_x_start",
                 "type":"int",
                 "value":14
                }, 
                {
                 "name":"base_offset_y_end",
                 "type":"int",
                 "value":180
                }, 
                {
                 "name":"base_offset_y_start",
                 "type":"int",
                 "value":140
                }, 
                {
                 "name":"move_from",
                 "type":"string",
                 "value":"0000"
                }, 
                {
                 "name":"move_to",
                 "type":"string",
                 "value":"0000"
                }]
        }, 
        {
         "id":9,
         "image":"..\/..\/images\/tilesets\/tileset_testlab_objects_64_64\/lab_obj_closet_books.png",
         "imageheight":192,
         "imagewidth":128,
         "properties":[
                {
                 "name":"base_offset_x_end",
                 "type":"int",
                 "value":108
                }, 
                {
                 "name":"base_offset_x_start",
                 "type":"int",
                 "value":18
                }, 
                {
                 "name":"base_offset_y_end",
                 "type":"int",
                 "value":160
                }, 
                {
                 "name":"base_offset_y_start",
                 "type":"int",
                 "value":89
                }]
        }, 
        {
         "id":10,
         "image":"..\/..\/images\/tilesets\/tileset_testlab_objects_64_64\/lab_obj_closet_drawers.png",
         "imageheight":192,
         "imagewidth":128,
         "properties":[
                {
                 "name":"base_offset_x_end",
                 "type":"int",
                 "value":108
                }, 
                {
                 "name":"base_offset_x_start",
                 "type":"int",
                 "value":18
                }, 
                {
                 "name":"base_offset_y_end",
                 "type":"int",
                 "value":160
                }, 
                {
                 "name":"base_offset_y_start",
                 "type":"int",
                 "value":89
                }]
        }, 
        {
         "id":11,
         "image":"..\/..\/images\/tilesets\/tileset_testlab_objects_64_64\/lab_obj_closet.png",
         "imageheight":192,
         "imagewidth":128,
         "objectgroup":
            {
             "draworder":"index",
             "name":"",
             "objects":[
                    {
                     "class":"move_block",
                     "height":29,
                     "id":10,
                     "name":"base",
                     "rotation":0,
                     "visible":true,
                     "width":100,
                     "x":13,
                     "y":143
                    }],
             "opacity":1,
             "type":"objectgroup",
             "visible":true,
             "x":0,
             "y":0
            },
         "properties":[
                {
                 "name":"base_offset_x_end",
                 "type":"int",
                 "value":113
                }, 
                {
                 "name":"base_offset_x_start",
                 "type":"int",
                 "value":13
                }, 
                {
                 "name":"base_offset_y_end",
                 "type":"int",
                 "value":172
                }, 
                {
                 "name":"base_offset_y_start",
                 "type":"int",
                 "value":143
                }, 
                {
                 "name":"move_from",
                 "type":"string",
                 "value":"0000"
                }, 
                {
                 "name":"move_to",
                 "type":"string",
                 "value":"0000"
                }]
        }, 
        {
         "id":12,
         "image":"..\/..\/images\/tilesets\/tileset_testlab_objects_64_64\/lab_obj_pentagram_off_0.png",
         "imageheight":120,
         "imagewidth":110
        }, 
        {
         "id":13,
         "image":"..\/..\/images\/tilesets\/tileset_testlab_objects_64_64\/lab_obj_demon.png",
         "imageheight":100,
         "imagewidth":64,
         "properties":[
                {
                 "name":"sprite_collection_path",
                 "type":"string",
                 "value":"pink_engine\/sprite_collections\/test_demon_summoned.json"
                }, 
                {
                 "name":"stand_animation",
                 "type":"string",
                 "value":"hover"
                }]
        }, 
        {
         "id":14,
         "image":"..\/..\/images\/tilesets\/tileset_testlab_objects_64_64\/lab_obj_shadow.png",
         "imageheight":64,
         "imagewidth":32
        }, 
        {
         "id":15,
         "image":"..\/..\/images\/tilesets\/tileset_testlab_objects_64_64\/lab_obj_pillar_grid_top.png",
         "imageheight":64,
         "imagewidth":64
        }, 
        {
         "id":16,
         "image":"..\/..\/images\/tilesets\/tileset_testlab_objects_64_64\/lab_obj_pillar_grid_bottom.png",
         "imageheight":64,
         "imagewidth":64,
         "properties":[
                {
                 "name":"base_offset_x_end",
                 "type":"int",
                 "value":50
                }, 
                {
                 "name":"base_offset_x_start",
                 "type":"int",
                 "value":14
                }, 
                {
                 "name":"base_offset_y_end",
                 "type":"int",
                 "value":52
                }, 
                {
                 "name":"base_offset_y_start",
                 "type":"int",
                 "value":11
                }, 
                {
                 "name":"move_from",
                 "type":"string",
                 "value":"0000"
                }, 
                {
                 "name":"move_to",
                 "type":"string",
                 "value":"0000"
                }]
        }, 
        {
         "id":17,
         "image":"..\/..\/images\/tilesets\/tileset_testlab_objects_64_64\/lab_obj_pillar_grid_middle.png",
         "imageheight":64,
         "imagewidth":64
        }, 
        {
         "id":18,
         "image":"..\/..\/images\/tilesets\/tileset_testlab_objects_64_64\/lab_obj_computer_screen.png",
         "imageheight":52,
         "imagewidth":28
        }, 
        {
         "id":19,
         "image":"..\/..\/images\/tilesets\/tileset_testlab_objects_64_64\/lab_obj_door_02_floor.png",
         "imageheight":192,
         "imagewidth":192,
         "properties":[
                {
                 "name":"move_from",
                 "type":"string",
                 "value":"1111"
                }, 
                {
                 "name":"move_to",
                 "type":"string",
                 "value":"1111"
                }]
        }, 
        {
         "id":21,
         "image":"..\/..\/images\/tilesets\/tileset_testlab_objects_64_64\/lab_obj_door_02_wall.png",
         "imageheight":192,
         "imagewidth":192,
         "properties":[
                {
                 "name":"base_offset_y_end",
                 "type":"int",
                 "value":128
                }, 
                {
                 "name":"base_offset_y_start",
                 "type":"int",
                 "value":64
                }, 
                {
                 "name":"move_from",
                 "type":"string",
                 "value":"0000"
                }, 
                {
                 "name":"move_to",
                 "type":"string",
                 "value":"0000"
                }]
        }, 
        {
         "id":22,
         "image":"..\/..\/images\/tilesets\/tileset_testlab_objects_64_64\/lab_obj_door_02_door.png",
         "imageheight":192,
         "imagewidth":192,
         "properties":[
                {
                 "name":"forbid_autocenter",
                 "type":"bool",
                 "value":true
                }, 
                {
                 "name":"sprite_collection_path",
                 "type":"string",
                 "value":"pink_engine\/sprite_collections\/test_lab_door_02.json"
                }, 
                {
                 "name":"stand_animation",
                 "type":"string",
                 "value":"closed"
                }]
        }, 
        {
         "id":23,
         "image":"..\/..\/images\/tilesets\/tileset_testlab_objects_64_64\/big_new_player_down_walk0.png",
         "imageheight":128,
         "imagewidth":64,
         "properties":[
                {
                 "name":"sprite_collection_path",
                 "type":"string",
                 "value":"pink_engine\/sprite_collections\/test_player_sprite_collection_big.json"
                }]
        }, 
        {
         "id":24,
         "image":"..\/..\/images\/tilesets\/tileset_testlab_objects_64_64\/sevarihk minotaur_stand_down_0.png",
         "imageheight":120,
         "imagewidth":64,
         "properties":[
                {
                 "name":"sprite_collection_path",
                 "type":"string",
                 "value":"pink_engine\/sprite_collections\/sevarihk minotaur.json"
                }]
        }, 
        {
         "id":25,
         "image":"..\/..\/images\/tilesets\/tileset_testlab_objects_64_64\/depth_overlay_01.png",
         "imageheight":64,
         "imagewidth":64
        }, 
        {
         "id":26,
         "image":"..\/..\/images\/tilesets\/tileset_testlab_objects_64_64\/depth_overlay_02.png",
         "imageheight":64,
         "imagewidth":64
        }, 
        {
         "id":27,
         "image":"..\/..\/images\/tilesets\/tileset_testlab_objects_64_64\/lab_obj_shadow_half.png",
         "imageheight":64,
         "imagewidth":32
        }, 
        {
         "id":31,
         "image":"..\/..\/images\/tilesets\/tileset_testlab_objects_64_64\/lab_obj_ladder.png",
         "imageheight":64,
         "imagewidth":64,
         "properties":[
                {
                 "name":"move_to",
                 "type":"string",
                 "value":"1010"
                }]
        }, 
        {
         "id":32,
         "image":"..\/..\/images\/tilesets\/tileset_testlab_objects_64_64\/lab_obj_stairs_01_01.png",
         "imageheight":64,
         "imagewidth":64,
         "properties":[
                {
                 "name":"move_from",
                 "type":"string",
                 "value":"0011"
                }, 
                {
                 "name":"move_to",
                 "type":"string",
                 "value":"0011"
                }]
        }, 
        {
         "id":33,
         "image":"..\/..\/images\/tilesets\/tileset_testlab_objects_64_64\/lab_obj_stairs_01_02.png",
         "imageheight":64,
         "imagewidth":64,
         "properties":[
                {
                 "name":"move_from",
                 "type":"string",
                 "value":"1100"
                }, 
                {
                 "name":"move_to",
                 "type":"string",
                 "value":"1100"
                }]
        }, 
        {
         "id":34,
         "image":"..\/..\/images\/tilesets\/tileset_testlab_objects_64_64\/lab_obj_stairs_02_01.png",
         "imageheight":64,
         "imagewidth":64,
         "properties":[
                {
                 "name":"move_from",
                 "type":"string",
                 "value":"0011"
                }, 
                {
                 "name":"move_to",
                 "type":"string",
                 "value":"0011"
                }]
        }, 
        {
         "id":36,
         "image":"..\/..\/images\/tilesets\/tileset_testlab_objects_64_64\/lab_obj_stairs_03_01.png",
         "imageheight":64,
         "imagewidth":64,
         "properties":[
                {
                 "name":"move_from",
                 "type":"string",
                 "value":"0110"
                }, 
                {
                 "name":"move_to",
                 "type":"string",
                 "value":"0110"
                }]
        }, 
        {
         "id":37,
         "image":"..\/..\/images\/tilesets\/tileset_testlab_objects_64_64\/lab_obj_stairs_03_02.png",
         "imageheight":64,
         "imagewidth":64,
         "properties":[
                {
                 "name":"move_from",
                 "type":"string",
                 "value":"1001"
                }, 
                {
                 "name":"move_to",
                 "type":"string",
                 "value":"1001"
                }]
        }, 
        {
         "id":38,
         "image":"..\/..\/images\/tilesets\/tileset_testlab_objects_64_64\/lab_obj_tile_metal.png",
         "imageheight":64,
         "imagewidth":64,
         "properties":[
                {
                 "name":"move_from",
                 "type":"string",
                 "value":"1111"
                }, 
                {
                 "name":"move_to",
                 "type":"string",
                 "value":"1111"
                }, 
                {
                 "name":"sound_tag",
                 "type":"string",
                 "value":"metal"
                }]
        }, 
        {
         "id":39,
         "image":"..\/..\/images\/tilesets\/tileset_testlab_objects_64_64\/lab_obj_tile_sand.png",
         "imageheight":64,
         "imagewidth":64,
         "properties":[
                {
                 "name":"move_from",
                 "type":"string",
                 "value":"1111"
                }, 
                {
                 "name":"move_to",
                 "type":"string",
                 "value":"1111"
                }, 
                {
                 "name":"sound_tag",
                 "type":"string",
                 "value":"sand"
                }]
        }, 
        {
         "id":40,
         "image":"..\/..\/images\/tilesets\/tileset_testlab_objects_64_64\/lab_obj_tile_stone.png",
         "imageheight":64,
         "imagewidth":64,
         "properties":[
                {
                 "name":"move_from",
                 "type":"string",
                 "value":"1111"
                }, 
                {
                 "name":"move_to",
                 "type":"string",
                 "value":"1111"
                }, 
                {
                 "name":"sound_tag",
                 "type":"string",
                 "value":"stone"
                }]
        }, 
        {
         "id":41,
         "image":"..\/..\/images\/tilesets\/tileset_testlab_objects_64_64\/lab_obj_ext_flowers_03.png",
         "imageheight":48,
         "imagewidth":48
        }, 
        {
         "id":42,
         "image":"..\/..\/images\/tilesets\/tileset_testlab_objects_64_64\/lab_obj_ext_rocks_01.png",
         "imageheight":48,
         "imagewidth":48,
         "properties":[
                {
                 "name":"base_offset_x_end",
                 "type":"int",
                 "value":36
                }, 
                {
                 "name":"base_offset_x_start",
                 "type":"int",
                 "value":17
                }, 
                {
                 "name":"base_offset_y_end",
                 "type":"int",
                 "value":30
                }, 
                {
                 "name":"base_offset_y_start",
                 "type":"int",
                 "value":24
                }, 
                {
                 "name":"move_from",
                 "type":"string",
                 "value":"0000"
                }, 
                {
                 "name":"move_to",
                 "type":"string",
                 "value":"0000"
                }]
        }, 
        {
         "id":43,
         "image":"..\/..\/images\/tilesets\/tileset_testlab_objects_64_64\/lab_obj_ext_rocks_02.png",
         "imageheight":48,
         "imagewidth":48,
         "properties":[
                {
                 "name":"base_offset_x_end",
                 "type":"int",
                 "value":38
                }, 
                {
                 "name":"base_offset_x_start",
                 "type":"int",
                 "value":9
                }, 
                {
                 "name":"base_offset_y_end",
                 "type":"int",
                 "value":37
                }, 
                {
                 "name":"base_offset_y_start",
                 "type":"int",
                 "value":29
                }, 
                {
                 "name":"move_from",
                 "type":"string",
                 "value":"0000"
                }, 
                {
                 "name":"move_to",
                 "type":"string",
                 "value":"0000"
                }]
        }, 
        {
         "id":44,
         "image":"..\/..\/images\/tilesets\/tileset_testlab_objects_64_64\/lab_obj_ext_rocks_03.png",
         "imageheight":48,
         "imagewidth":96,
         "properties":[
                {
                 "name":"base_offset_x_end",
                 "type":"int",
                 "value":72
                }, 
                {
                 "name":"base_offset_x_start",
                 "type":"int",
                 "value":24
                }, 
                {
                 "name":"base_offset_y_end",
                 "type":"int",
                 "value":44
                }, 
                {
                 "name":"base_offset_y_start",
                 "type":"int",
                 "value":34
                }, 
                {
                 "name":"move_from",
                 "type":"string",
                 "value":"0000"
                }, 
                {
                 "name":"move_to",
                 "type":"string",
                 "value":"0000"
                }]
        }, 
        {
         "id":45,
         "image":"..\/..\/images\/tilesets\/tileset_testlab_objects_64_64\/lab_obj_ext_rocks_04.png",
         "imageheight":96,
         "imagewidth":96,
         "properties":[
                {
                 "name":"base_offset_x_end",
                 "type":"int",
                 "value":86
                }, 
                {
                 "name":"base_offset_x_start",
                 "type":"int",
                 "value":10
                }, 
                {
                 "name":"base_offset_y_end",
                 "type":"int",
                 "value":88
                }, 
                {
                 "name":"base_offset_y_start",
                 "type":"int",
                 "value":70
                }, 
                {
                 "name":"move_from",
                 "type":"string",
                 "value":"0000"
                }, 
                {
                 "name":"move_to",
                 "type":"string",
                 "value":"0000"
                }]
        }, 
        {
         "id":46,
         "image":"..\/..\/images\/tilesets\/tileset_testlab_objects_64_64\/lab_obj_ext_tree_01.png",
         "imageheight":144,
         "imagewidth":96,
         "properties":[
                {
                 "name":"base_offset_x_end",
                 "type":"int",
                 "value":80
                }, 
                {
                 "name":"base_offset_x_start",
                 "type":"int",
                 "value":18
                }, 
                {
                 "name":"base_offset_y_end",
                 "type":"int",
                 "value":127
                }, 
                {
                 "name":"base_offset_y_start",
                 "type":"int",
                 "value":112
                }, 
                {
                 "name":"move_from",
                 "type":"string",
                 "value":"0000"
                }, 
                {
                 "name":"move_to",
                 "type":"string",
                 "value":"0000"
                }]
        }, 
        {
         "id":47,
         "image":"..\/..\/images\/tilesets\/tileset_testlab_objects_64_64\/lab_obj_ext_tree_02.png",
         "imageheight":96,
         "imagewidth":48,
         "properties":[
                {
                 "name":"base_offset_x_end",
                 "type":"int",
                 "value":37
                }, 
                {
                 "name":"base_offset_x_start",
                 "type":"int",
                 "value":12
                }, 
                {
                 "name":"base_offset_y_end",
                 "type":"int",
                 "value":83
                }, 
                {
                 "name":"base_offset_y_start",
                 "type":"int",
                 "value":75
                }, 
                {
                 "name":"move_from",
                 "type":"string",
                 "value":"0000"
                }, 
                {
                 "name":"move_to",
                 "type":"string",
                 "value":"0000"
                }]
        }, 
        {
         "id":48,
         "image":"..\/..\/images\/tilesets\/tileset_testlab_objects_64_64\/lab_obj_ext_tree_03.png",
         "imageheight":144,
         "imagewidth":96,
         "properties":[
                {
                 "name":"base_offset_x_end",
                 "type":"int",
                 "value":69
                }, 
                {
                 "name":"base_offset_x_start",
                 "type":"int",
                 "value":25
                }, 
                {
                 "name":"base_offset_y_end",
                 "type":"int",
                 "value":123
                }, 
                {
                 "name":"base_offset_y_start",
                 "type":"int",
                 "value":113
                }, 
                {
                 "name":"move_from",
                 "type":"string",
                 "value":"0000"
                }, 
                {
                 "name":"move_to",
                 "type":"string",
                 "value":"0000"
                }]
        }],
 "tilewidth":192,
 "type":"tileset",
 "version":"1.9"
}