{"name": "tileset_testlab_64_32", "tileheight": 32, "tilewidth": 64, "tilecount": 0, "tiles": [{"id": 0, "image": "..\/..\/images\/tilesets\/tileset_testlab_64_32\/lab_flo_64_32_1_00000000.png", "imageheight": 32, "imagewidth": 64, "properties": [{"name": "move_from", "type": "string", "value": "1111"}, {"name": "move_to", "type": "string", "value": "1111"}]}, {"id": 1, "image": "..\/..\/images\/tilesets\/tileset_testlab_64_32\/lab_flo_64_32_1_00000001.png", "imageheight": 32, "imagewidth": 64, "properties": [{"name": "move_from", "type": "string", "value": "1111"}, {"name": "move_to", "type": "string", "value": "1111"}]}, {"id": 2, "image": "..\/..\/images\/tilesets\/tileset_testlab_64_32\/lab_flo_64_32_1_00000100.png", "imageheight": 32, "imagewidth": 64, "properties": [{"name": "move_from", "type": "string", "value": "1111"}, {"name": "move_to", "type": "string", "value": "1111"}]}, {"id": 3, "image": "..\/..\/images\/tilesets\/tileset_testlab_64_32\/lab_flo_64_32_1_00010000.png", "imageheight": 32, "imagewidth": 64, "properties": [{"name": "move_from", "type": "string", "value": "1111"}, {"name": "move_to", "type": "string", "value": "1111"}]}, {"id": 4, "image": "..\/..\/images\/tilesets\/tileset_testlab_64_32\/lab_flo_64_32_1_01000000.png", "imageheight": 32, "imagewidth": 64, "properties": [{"name": "move_from", "type": "string", "value": "1111"}, {"name": "move_to", "type": "string", "value": "1111"}]}, {"id": 5, "image": "..\/..\/images\/tilesets\/tileset_testlab_64_32\/lab_flo_64_32_1_00000101.png", "imageheight": 32, "imagewidth": 64, "properties": [{"name": "move_from", "type": "string", "value": "1111"}, {"name": "move_to", "type": "string", "value": "1111"}]}, {"id": 6, "image": "..\/..\/images\/tilesets\/tileset_testlab_64_32\/lab_flo_64_32_1_00010100.png", "imageheight": 32, "imagewidth": 64, "properties": [{"name": "move_from", "type": "string", "value": "1111"}, {"name": "move_to", "type": "string", "value": "1111"}]}, {"id": 7, "image": "..\/..\/images\/tilesets\/tileset_testlab_64_32\/lab_flo_64_32_1_01010000.png", "imageheight": 32, "imagewidth": 64, "properties": [{"name": "move_from", "type": "string", "value": "1111"}, {"name": "move_to", "type": "string", "value": "1111"}]}, {"id": 8, "image": "..\/..\/images\/tilesets\/tileset_testlab_64_32\/lab_flo_64_32_1_01000001.png", "imageheight": 32, "imagewidth": 64, "properties": [{"name": "move_from", "type": "string", "value": "1111"}, {"name": "move_to", "type": "string", "value": "1111"}]}, {"id": 9, "image": "..\/..\/images\/tilesets\/tileset_testlab_64_32\/lab_flo_64_32_1_00010001.png", "imageheight": 32, "imagewidth": 64, "properties": [{"name": "move_from", "type": "string", "value": "1111"}, {"name": "move_to", "type": "string", "value": "1111"}]}, {"id": 10, "image": "..\/..\/images\/tilesets\/tileset_testlab_64_32\/lab_flo_64_32_1_01000100.png", "imageheight": 32, "imagewidth": 64, "properties": [{"name": "move_from", "type": "string", "value": "1111"}, {"name": "move_to", "type": "string", "value": "1111"}]}, {"id": 11, "image": "..\/..\/images\/tilesets\/tileset_testlab_64_32\/lab_flo_64_32_1_00010101.png", "imageheight": 32, "imagewidth": 64, "properties": [{"name": "move_from", "type": "string", "value": "1111"}, {"name": "move_to", "type": "string", "value": "1111"}]}, {"id": 12, "image": "..\/..\/images\/tilesets\/tileset_testlab_64_32\/lab_flo_64_32_1_01010100.png", "imageheight": 32, "imagewidth": 64, "properties": [{"name": "move_from", "type": "string", "value": "1111"}, {"name": "move_to", "type": "string", "value": "1111"}]}, {"id": 13, "image": "..\/..\/images\/tilesets\/tileset_testlab_64_32\/lab_flo_64_32_1_01010001.png", "imageheight": 32, "imagewidth": 64, "properties": [{"name": "move_from", "type": "string", "value": "1111"}, {"name": "move_to", "type": "string", "value": "1111"}]}, {"id": 14, "image": "..\/..\/images\/tilesets\/tileset_testlab_64_32\/lab_flo_64_32_1_01000101.png", "imageheight": 32, "imagewidth": 64, "properties": [{"name": "move_from", "type": "string", "value": "1111"}, {"name": "move_to", "type": "string", "value": "1111"}]}, {"id": 15, "image": "..\/..\/images\/tilesets\/tileset_testlab_64_32\/lab_flo_64_32_1_01010101.png", "imageheight": 32, "imagewidth": 64, "properties": [{"name": "move_from", "type": "string", "value": "1111"}, {"name": "move_to", "type": "string", "value": "1111"}]}, {"id": 16, "image": "..\/..\/images\/tilesets\/tileset_testlab_64_32\/lab_flo_64_32_1_11000001.png", "imageheight": 32, "imagewidth": 64, "properties": [{"name": "move_from", "type": "string", "value": "1111"}, {"name": "move_to", "type": "string", "value": "1111"}]}, {"id": 17, "image": "..\/..\/images\/tilesets\/tileset_testlab_64_32\/lab_flo_64_32_1_00000111.png", "imageheight": 32, "imagewidth": 64, "properties": [{"name": "move_from", "type": "string", "value": "1111"}, {"name": "move_to", "type": "string", "value": "1111"}]}, {"id": 18, "image": "..\/..\/images\/tilesets\/tileset_testlab_64_32\/lab_flo_64_32_1_00011100.png", "imageheight": 32, "imagewidth": 64, "properties": [{"name": "move_from", "type": "string", "value": "1111"}, {"name": "move_to", "type": "string", "value": "1111"}]}, {"id": 19, "image": "..\/..\/images\/tilesets\/tileset_testlab_64_32\/lab_flo_64_32_1_01110000.png", "imageheight": 32, "imagewidth": 64, "properties": [{"name": "move_from", "type": "string", "value": "1111"}, {"name": "move_to", "type": "string", "value": "1111"}]}, {"id": 20, "image": "..\/..\/images\/tilesets\/tileset_testlab_64_32\/lab_flo_64_32_1_11000101.png", "imageheight": 32, "imagewidth": 64, "properties": [{"name": "move_from", "type": "string", "value": "1111"}, {"name": "move_to", "type": "string", "value": "1111"}]}, {"id": 21, "image": "..\/..\/images\/tilesets\/tileset_testlab_64_32\/lab_flo_64_32_1_11010001.png", "imageheight": 32, "imagewidth": 64, "properties": [{"name": "move_from", "type": "string", "value": "1111"}, {"name": "move_to", "type": "string", "value": "1111"}]}, {"id": 22, "image": "..\/..\/images\/tilesets\/tileset_testlab_64_32\/lab_flo_64_32_1_00010111.png", "imageheight": 32, "imagewidth": 64, "properties": [{"name": "move_from", "type": "string", "value": "1111"}, {"name": "move_to", "type": "string", "value": "1111"}]}, {"id": 23, "image": "..\/..\/images\/tilesets\/tileset_testlab_64_32\/lab_flo_64_32_1_01000111.png", "imageheight": 32, "imagewidth": 64, "properties": [{"name": "move_from", "type": "string", "value": "1111"}, {"name": "move_to", "type": "string", "value": "1111"}]}, {"id": 24, "image": "..\/..\/images\/tilesets\/tileset_testlab_64_32\/lab_flo_64_32_1_01011100.png", "imageheight": 32, "imagewidth": 64, "properties": [{"name": "move_from", "type": "string", "value": "1111"}, {"name": "move_to", "type": "string", "value": "1111"}]}, {"id": 25, "image": "..\/..\/images\/tilesets\/tileset_testlab_64_32\/lab_flo_64_32_1_00011101.png", "imageheight": 32, "imagewidth": 64, "properties": [{"name": "move_from", "type": "string", "value": "1111"}, {"name": "move_to", "type": "string", "value": "1111"}]}, {"id": 26, "image": "..\/..\/images\/tilesets\/tileset_testlab_64_32\/lab_flo_64_32_1_01110001.png", "imageheight": 32, "imagewidth": 64, "properties": [{"name": "move_from", "type": "string", "value": "1111"}, {"name": "move_to", "type": "string", "value": "1111"}]}, {"id": 27, "image": "..\/..\/images\/tilesets\/tileset_testlab_64_32\/lab_flo_64_32_1_01110100.png", "imageheight": 32, "imagewidth": 64, "properties": [{"name": "move_from", "type": "string", "value": "1111"}, {"name": "move_to", "type": "string", "value": "1111"}]}, {"id": 28, "image": "..\/..\/images\/tilesets\/tileset_testlab_64_32\/lab_flo_64_32_1_11010101.png", "imageheight": 32, "imagewidth": 64, "properties": [{"name": "move_from", "type": "string", "value": "1111"}, {"name": "move_to", "type": "string", "value": "1111"}]}, {"id": 29, "image": "..\/..\/images\/tilesets\/tileset_testlab_64_32\/lab_flo_64_32_1_01010111.png", "imageheight": 32, "imagewidth": 64, "properties": [{"name": "move_from", "type": "string", "value": "1111"}, {"name": "move_to", "type": "string", "value": "1111"}]}, {"id": 30, "image": "..\/..\/images\/tilesets\/tileset_testlab_64_32\/lab_flo_64_32_1_01011101.png", "imageheight": 32, "imagewidth": 64, "properties": [{"name": "move_from", "type": "string", "value": "1111"}, {"name": "move_to", "type": "string", "value": "1111"}]}, {"id": 31, "image": "..\/..\/images\/tilesets\/tileset_testlab_64_32\/lab_flo_64_32_1_01110101.png", "imageheight": 32, "imagewidth": 64, "properties": [{"name": "move_from", "type": "string", "value": "1111"}, {"name": "move_to", "type": "string", "value": "1111"}]}, {"id": 32, "image": "..\/..\/images\/tilesets\/tileset_testlab_64_32\/lab_flo_64_32_1_11000111.png", "imageheight": 32, "imagewidth": 64, "properties": [{"name": "move_from", "type": "string", "value": "1111"}, {"name": "move_to", "type": "string", "value": "1111"}]}, {"id": 33, "image": "..\/..\/images\/tilesets\/tileset_testlab_64_32\/lab_flo_64_32_1_00011111.png", "imageheight": 32, "imagewidth": 64, "properties": [{"name": "move_from", "type": "string", "value": "1111"}, {"name": "move_to", "type": "string", "value": "1111"}]}, {"id": 34, "image": "..\/..\/images\/tilesets\/tileset_testlab_64_32\/lab_flo_64_32_1_01111100.png", "imageheight": 32, "imagewidth": 64, "properties": [{"name": "move_from", "type": "string", "value": "1111"}, {"name": "move_to", "type": "string", "value": "1111"}]}, {"id": 35, "image": "..\/..\/images\/tilesets\/tileset_testlab_64_32\/lab_flo_64_32_1_11110001.png", "imageheight": 32, "imagewidth": 64, "properties": [{"name": "move_from", "type": "string", "value": "1111"}, {"name": "move_to", "type": "string", "value": "1111"}]}, {"id": 36, "image": "..\/..\/images\/tilesets\/tileset_testlab_64_32\/lab_flo_64_32_1_11010111.png", "imageheight": 32, "imagewidth": 64, "properties": [{"name": "move_from", "type": "string", "value": "1111"}, {"name": "move_to", "type": "string", "value": "1111"}]}, {"id": 37, "image": "..\/..\/images\/tilesets\/tileset_testlab_64_32\/lab_flo_64_32_1_01011111.png", "imageheight": 32, "imagewidth": 64, "properties": [{"name": "move_from", "type": "string", "value": "1111"}, {"name": "move_to", "type": "string", "value": "1111"}]}, {"id": 38, "image": "..\/..\/images\/tilesets\/tileset_testlab_64_32\/lab_flo_64_32_1_01111101.png", "imageheight": 32, "imagewidth": 64, "properties": [{"name": "move_from", "type": "string", "value": "1111"}, {"name": "move_to", "type": "string", "value": "1111"}]}, {"id": 39, "image": "..\/..\/images\/tilesets\/tileset_testlab_64_32\/lab_flo_64_32_1_11110101.png", "imageheight": 32, "imagewidth": 64, "properties": [{"name": "move_from", "type": "string", "value": "1111"}, {"name": "move_to", "type": "string", "value": "1111"}]}, {"id": 40, "image": "..\/..\/images\/tilesets\/tileset_testlab_64_32\/lab_flo_64_32_1_01110111.png", "imageheight": 32, "imagewidth": 64, "properties": [{"name": "move_from", "type": "string", "value": "1111"}, {"name": "move_to", "type": "string", "value": "1111"}]}, {"id": 41, "image": "..\/..\/images\/tilesets\/tileset_testlab_64_32\/lab_flo_64_32_1_11011101.png", "imageheight": 32, "imagewidth": 64, "properties": [{"name": "move_from", "type": "string", "value": "1111"}, {"name": "move_to", "type": "string", "value": "1111"}]}, {"id": 42, "image": "..\/..\/images\/tilesets\/tileset_testlab_64_32\/lab_flo_64_32_1_01111111.png", "imageheight": 32, "imagewidth": 64, "properties": [{"name": "move_from", "type": "string", "value": "1111"}, {"name": "move_to", "type": "string", "value": "1111"}]}, {"id": 43, "image": "..\/..\/images\/tilesets\/tileset_testlab_64_32\/lab_flo_64_32_1_11111101.png", "imageheight": 32, "imagewidth": 64, "properties": [{"name": "move_from", "type": "string", "value": "1111"}, {"name": "move_to", "type": "string", "value": "1111"}]}, {"id": 44, "image": "..\/..\/images\/tilesets\/tileset_testlab_64_32\/lab_flo_64_32_1_11110111.png", "imageheight": 32, "imagewidth": 64, "properties": [{"name": "move_from", "type": "string", "value": "1111"}, {"name": "move_to", "type": "string", "value": "1111"}]}, {"id": 45, "image": "..\/..\/images\/tilesets\/tileset_testlab_64_32\/lab_flo_64_32_1_11011111.png", "imageheight": 32, "imagewidth": 64, "properties": [{"name": "move_from", "type": "string", "value": "1111"}, {"name": "move_to", "type": "string", "value": "1111"}]}, {"id": 46, "image": "..\/..\/images\/tilesets\/tileset_testlab_64_32\/lab_flo_64_32_1_11111111.png", "imageheight": 32, "imagewidth": 64, "properties": [{"name": "move_from", "type": "string", "value": "1111"}, {"name": "move_to", "type": "string", "value": "1111"}]}, {"id": 47, "image": "..\/..\/images\/tilesets\/tileset_testlab_64_32\/lab_cei_64_32_1_00000000.png", "imageheight": 32, "imagewidth": 64, "properties": [{"name": "move_from", "type": "string", "value": "0000"}, {"name": "move_to", "type": "string", "value": "0000"}]}, {"id": 48, "image": "..\/..\/images\/tilesets\/tileset_testlab_64_32\/lab_cei_64_32_1_00000001.png", "imageheight": 32, "imagewidth": 64, "properties": [{"name": "move_from", "type": "string", "value": "0000"}, {"name": "move_to", "type": "string", "value": "0000"}]}, {"id": 49, "image": "..\/..\/images\/tilesets\/tileset_testlab_64_32\/lab_cei_64_32_1_00000100.png", "imageheight": 32, "imagewidth": 64, "properties": [{"name": "move_from", "type": "string", "value": "0000"}, {"name": "move_to", "type": "string", "value": "0000"}]}, {"id": 50, "image": "..\/..\/images\/tilesets\/tileset_testlab_64_32\/lab_cei_64_32_1_00010000.png", "imageheight": 32, "imagewidth": 64, "properties": [{"name": "move_from", "type": "string", "value": "0000"}, {"name": "move_to", "type": "string", "value": "0000"}]}, {"id": 51, "image": "..\/..\/images\/tilesets\/tileset_testlab_64_32\/lab_cei_64_32_1_01000000.png", "imageheight": 32, "imagewidth": 64, "properties": [{"name": "move_from", "type": "string", "value": "0000"}, {"name": "move_to", "type": "string", "value": "0000"}]}, {"id": 52, "image": "..\/..\/images\/tilesets\/tileset_testlab_64_32\/lab_cei_64_32_1_00000101.png", "imageheight": 32, "imagewidth": 64, "properties": [{"name": "move_from", "type": "string", "value": "0000"}, {"name": "move_to", "type": "string", "value": "0000"}]}, {"id": 53, "image": "..\/..\/images\/tilesets\/tileset_testlab_64_32\/lab_cei_64_32_1_00010100.png", "imageheight": 32, "imagewidth": 64, "properties": [{"name": "move_from", "type": "string", "value": "0000"}, {"name": "move_to", "type": "string", "value": "0000"}]}, {"id": 54, "image": "..\/..\/images\/tilesets\/tileset_testlab_64_32\/lab_cei_64_32_1_01010000.png", "imageheight": 32, "imagewidth": 64, "properties": [{"name": "move_from", "type": "string", "value": "0000"}, {"name": "move_to", "type": "string", "value": "0000"}]}, {"id": 55, "image": "..\/..\/images\/tilesets\/tileset_testlab_64_32\/lab_cei_64_32_1_01000001.png", "imageheight": 32, "imagewidth": 64, "properties": [{"name": "move_from", "type": "string", "value": "0000"}, {"name": "move_to", "type": "string", "value": "0000"}]}, {"id": 56, "image": "..\/..\/images\/tilesets\/tileset_testlab_64_32\/lab_cei_64_32_1_00010001.png", "imageheight": 32, "imagewidth": 64, "properties": [{"name": "move_from", "type": "string", "value": "0000"}, {"name": "move_to", "type": "string", "value": "0000"}]}, {"id": 57, "image": "..\/..\/images\/tilesets\/tileset_testlab_64_32\/lab_cei_64_32_1_01000100.png", "imageheight": 32, "imagewidth": 64, "properties": [{"name": "move_from", "type": "string", "value": "0000"}, {"name": "move_to", "type": "string", "value": "0000"}]}, {"id": 58, "image": "..\/..\/images\/tilesets\/tileset_testlab_64_32\/lab_cei_64_32_1_00010101.png", "imageheight": 32, "imagewidth": 64, "properties": [{"name": "move_from", "type": "string", "value": "0000"}, {"name": "move_to", "type": "string", "value": "0000"}]}, {"id": 59, "image": "..\/..\/images\/tilesets\/tileset_testlab_64_32\/lab_cei_64_32_1_01010100.png", "imageheight": 32, "imagewidth": 64, "properties": [{"name": "move_from", "type": "string", "value": "0000"}, {"name": "move_to", "type": "string", "value": "0000"}]}, {"id": 60, "image": "..\/..\/images\/tilesets\/tileset_testlab_64_32\/lab_cei_64_32_1_01010001.png", "imageheight": 32, "imagewidth": 64, "properties": [{"name": "move_from", "type": "string", "value": "0000"}, {"name": "move_to", "type": "string", "value": "0000"}]}, {"id": 61, "image": "..\/..\/images\/tilesets\/tileset_testlab_64_32\/lab_cei_64_32_1_01000101.png", "imageheight": 32, "imagewidth": 64, "properties": [{"name": "move_from", "type": "string", "value": "0000"}, {"name": "move_to", "type": "string", "value": "0000"}]}, {"id": 62, "image": "..\/..\/images\/tilesets\/tileset_testlab_64_32\/lab_cei_64_32_1_01010101.png", "imageheight": 32, "imagewidth": 64, "properties": [{"name": "move_from", "type": "string", "value": "0000"}, {"name": "move_to", "type": "string", "value": "0000"}]}, {"id": 63, "image": "..\/..\/images\/tilesets\/tileset_testlab_64_32\/lab_cei_64_32_1_11000001.png", "imageheight": 32, "imagewidth": 64, "properties": [{"name": "move_from", "type": "string", "value": "0000"}, {"name": "move_to", "type": "string", "value": "0000"}]}, {"id": 64, "image": "..\/..\/images\/tilesets\/tileset_testlab_64_32\/lab_cei_64_32_1_00000111.png", "imageheight": 32, "imagewidth": 64, "properties": [{"name": "move_from", "type": "string", "value": "0000"}, {"name": "move_to", "type": "string", "value": "0000"}]}, {"id": 65, "image": "..\/..\/images\/tilesets\/tileset_testlab_64_32\/lab_cei_64_32_1_00011100.png", "imageheight": 32, "imagewidth": 64, "properties": [{"name": "move_from", "type": "string", "value": "0000"}, {"name": "move_to", "type": "string", "value": "0000"}]}, {"id": 66, "image": "..\/..\/images\/tilesets\/tileset_testlab_64_32\/lab_cei_64_32_1_01110000.png", "imageheight": 32, "imagewidth": 64, "properties": [{"name": "move_from", "type": "string", "value": "0000"}, {"name": "move_to", "type": "string", "value": "0000"}]}, {"id": 67, "image": "..\/..\/images\/tilesets\/tileset_testlab_64_32\/lab_cei_64_32_1_11000101.png", "imageheight": 32, "imagewidth": 64, "properties": [{"name": "move_from", "type": "string", "value": "0000"}, {"name": "move_to", "type": "string", "value": "0000"}]}, {"id": 68, "image": "..\/..\/images\/tilesets\/tileset_testlab_64_32\/lab_cei_64_32_1_11010001.png", "imageheight": 32, "imagewidth": 64, "properties": [{"name": "move_from", "type": "string", "value": "0000"}, {"name": "move_to", "type": "string", "value": "0000"}]}, {"id": 69, "image": "..\/..\/images\/tilesets\/tileset_testlab_64_32\/lab_cei_64_32_1_00010111.png", "imageheight": 32, "imagewidth": 64, "properties": [{"name": "move_from", "type": "string", "value": "0000"}, {"name": "move_to", "type": "string", "value": "0000"}]}, {"id": 70, "image": "..\/..\/images\/tilesets\/tileset_testlab_64_32\/lab_cei_64_32_1_01000111.png", "imageheight": 32, "imagewidth": 64, "properties": [{"name": "move_from", "type": "string", "value": "0000"}, {"name": "move_to", "type": "string", "value": "0000"}]}, {"id": 71, "image": "..\/..\/images\/tilesets\/tileset_testlab_64_32\/lab_cei_64_32_1_01011100.png", "imageheight": 32, "imagewidth": 64, "properties": [{"name": "move_from", "type": "string", "value": "0000"}, {"name": "move_to", "type": "string", "value": "0000"}]}, {"id": 72, "image": "..\/..\/images\/tilesets\/tileset_testlab_64_32\/lab_cei_64_32_1_00011101.png", "imageheight": 32, "imagewidth": 64, "properties": [{"name": "move_from", "type": "string", "value": "0000"}, {"name": "move_to", "type": "string", "value": "0000"}]}, {"id": 73, "image": "..\/..\/images\/tilesets\/tileset_testlab_64_32\/lab_cei_64_32_1_01110001.png", "imageheight": 32, "imagewidth": 64, "properties": [{"name": "move_from", "type": "string", "value": "0000"}, {"name": "move_to", "type": "string", "value": "0000"}]}, {"id": 74, "image": "..\/..\/images\/tilesets\/tileset_testlab_64_32\/lab_cei_64_32_1_01110100.png", "imageheight": 32, "imagewidth": 64, "properties": [{"name": "move_from", "type": "string", "value": "0000"}, {"name": "move_to", "type": "string", "value": "0000"}]}, {"id": 75, "image": "..\/..\/images\/tilesets\/tileset_testlab_64_32\/lab_cei_64_32_1_11010101.png", "imageheight": 32, "imagewidth": 64, "properties": [{"name": "move_from", "type": "string", "value": "0000"}, {"name": "move_to", "type": "string", "value": "0000"}]}, {"id": 76, "image": "..\/..\/images\/tilesets\/tileset_testlab_64_32\/lab_cei_64_32_1_01010111.png", "imageheight": 32, "imagewidth": 64, "properties": [{"name": "move_from", "type": "string", "value": "0000"}, {"name": "move_to", "type": "string", "value": "0000"}]}, {"id": 77, "image": "..\/..\/images\/tilesets\/tileset_testlab_64_32\/lab_cei_64_32_1_01011101.png", "imageheight": 32, "imagewidth": 64, "properties": [{"name": "move_from", "type": "string", "value": "0000"}, {"name": "move_to", "type": "string", "value": "0000"}]}, {"id": 78, "image": "..\/..\/images\/tilesets\/tileset_testlab_64_32\/lab_cei_64_32_1_01110101.png", "imageheight": 32, "imagewidth": 64, "properties": [{"name": "move_from", "type": "string", "value": "0000"}, {"name": "move_to", "type": "string", "value": "0000"}]}, {"id": 79, "image": "..\/..\/images\/tilesets\/tileset_testlab_64_32\/lab_cei_64_32_1_11000111.png", "imageheight": 32, "imagewidth": 64, "properties": [{"name": "move_from", "type": "string", "value": "0000"}, {"name": "move_to", "type": "string", "value": "0000"}]}, {"id": 80, "image": "..\/..\/images\/tilesets\/tileset_testlab_64_32\/lab_cei_64_32_1_00011111.png", "imageheight": 32, "imagewidth": 64, "properties": [{"name": "move_from", "type": "string", "value": "0000"}, {"name": "move_to", "type": "string", "value": "0000"}]}, {"id": 81, "image": "..\/..\/images\/tilesets\/tileset_testlab_64_32\/lab_cei_64_32_1_01111100.png", "imageheight": 32, "imagewidth": 64, "properties": [{"name": "move_from", "type": "string", "value": "0000"}, {"name": "move_to", "type": "string", "value": "0000"}]}, {"id": 82, "image": "..\/..\/images\/tilesets\/tileset_testlab_64_32\/lab_cei_64_32_1_11110001.png", "imageheight": 32, "imagewidth": 64, "properties": [{"name": "move_from", "type": "string", "value": "0000"}, {"name": "move_to", "type": "string", "value": "0000"}]}, {"id": 83, "image": "..\/..\/images\/tilesets\/tileset_testlab_64_32\/lab_cei_64_32_1_11010111.png", "imageheight": 32, "imagewidth": 64, "properties": [{"name": "move_from", "type": "string", "value": "0000"}, {"name": "move_to", "type": "string", "value": "0000"}]}, {"id": 84, "image": "..\/..\/images\/tilesets\/tileset_testlab_64_32\/lab_cei_64_32_1_01011111.png", "imageheight": 32, "imagewidth": 64, "properties": [{"name": "move_from", "type": "string", "value": "0000"}, {"name": "move_to", "type": "string", "value": "0000"}]}, {"id": 85, "image": "..\/..\/images\/tilesets\/tileset_testlab_64_32\/lab_cei_64_32_1_01111101.png", "imageheight": 32, "imagewidth": 64, "properties": [{"name": "move_from", "type": "string", "value": "0000"}, {"name": "move_to", "type": "string", "value": "0000"}]}, {"id": 86, "image": "..\/..\/images\/tilesets\/tileset_testlab_64_32\/lab_cei_64_32_1_11110101.png", "imageheight": 32, "imagewidth": 64, "properties": [{"name": "move_from", "type": "string", "value": "0000"}, {"name": "move_to", "type": "string", "value": "0000"}]}, {"id": 87, "image": "..\/..\/images\/tilesets\/tileset_testlab_64_32\/lab_cei_64_32_1_01110111.png", "imageheight": 32, "imagewidth": 64, "properties": [{"name": "move_from", "type": "string", "value": "0000"}, {"name": "move_to", "type": "string", "value": "0000"}]}, {"id": 88, "image": "..\/..\/images\/tilesets\/tileset_testlab_64_32\/lab_cei_64_32_1_11011101.png", "imageheight": 32, "imagewidth": 64, "properties": [{"name": "move_from", "type": "string", "value": "0000"}, {"name": "move_to", "type": "string", "value": "0000"}]}, {"id": 89, "image": "..\/..\/images\/tilesets\/tileset_testlab_64_32\/lab_cei_64_32_1_01111111.png", "imageheight": 32, "imagewidth": 64, "properties": [{"name": "move_from", "type": "string", "value": "0000"}, {"name": "move_to", "type": "string", "value": "0000"}]}, {"id": 90, "image": "..\/..\/images\/tilesets\/tileset_testlab_64_32\/lab_cei_64_32_1_11111101.png", "imageheight": 32, "imagewidth": 64, "properties": [{"name": "move_from", "type": "string", "value": "0000"}, {"name": "move_to", "type": "string", "value": "0000"}]}, {"id": 91, "image": "..\/..\/images\/tilesets\/tileset_testlab_64_32\/lab_cei_64_32_1_11110111.png", "imageheight": 32, "imagewidth": 64, "properties": [{"name": "move_from", "type": "string", "value": "0000"}, {"name": "move_to", "type": "string", "value": "0000"}]}, {"id": 92, "image": "..\/..\/images\/tilesets\/tileset_testlab_64_32\/lab_cei_64_32_1_11011111.png", "imageheight": 32, "imagewidth": 64, "properties": [{"name": "move_from", "type": "string", "value": "0000"}, {"name": "move_to", "type": "string", "value": "0000"}]}, {"id": 93, "image": "..\/..\/images\/tilesets\/tileset_testlab_64_32\/lab_cei_64_32_1_11111111.png", "imageheight": 32, "imagewidth": 64, "properties": [{"name": "move_from", "type": "string", "value": "0000"}, {"name": "move_to", "type": "string", "value": "0000"}]}], "wangsets": [{"name": "lab_flo_64_32_1", "type": "mixed", "tile": 0, "wangtiles": [{"tileid": 0, "wangid": [1, 1, 1, 1, 1, 1, 1, 1]}, {"tileid": 1, "wangid": [1, 1, 1, 1, 1, 1, 1, 2]}, {"tileid": 2, "wangid": [1, 1, 1, 1, 1, 2, 1, 1]}, {"tileid": 3, "wangid": [1, 1, 1, 2, 1, 1, 1, 1]}, {"tileid": 4, "wangid": [1, 2, 1, 1, 1, 1, 1, 1]}, {"tileid": 5, "wangid": [1, 1, 1, 1, 1, 2, 1, 2]}, {"tileid": 6, "wangid": [1, 1, 1, 2, 1, 2, 1, 1]}, {"tileid": 7, "wangid": [1, 2, 1, 2, 1, 1, 1, 1]}, {"tileid": 8, "wangid": [1, 2, 1, 1, 1, 1, 1, 2]}, {"tileid": 9, "wangid": [1, 1, 1, 2, 1, 1, 1, 2]}, {"tileid": 10, "wangid": [1, 2, 1, 1, 1, 2, 1, 1]}, {"tileid": 11, "wangid": [1, 1, 1, 2, 1, 2, 1, 2]}, {"tileid": 12, "wangid": [1, 2, 1, 2, 1, 2, 1, 1]}, {"tileid": 13, "wangid": [1, 2, 1, 2, 1, 1, 1, 2]}, {"tileid": 14, "wangid": [1, 2, 1, 1, 1, 2, 1, 2]}, {"tileid": 15, "wangid": [1, 2, 1, 2, 1, 2, 1, 2]}, {"tileid": 16, "wangid": [2, 2, 1, 1, 1, 1, 1, 2]}, {"tileid": 17, "wangid": [1, 1, 1, 1, 1, 2, 2, 2]}, {"tileid": 18, "wangid": [1, 1, 1, 2, 2, 2, 1, 1]}, {"tileid": 19, "wangid": [1, 2, 2, 2, 1, 1, 1, 1]}, {"tileid": 20, "wangid": [2, 2, 1, 1, 1, 2, 1, 2]}, {"tileid": 21, "wangid": [2, 2, 1, 2, 1, 1, 1, 2]}, {"tileid": 22, "wangid": [1, 1, 1, 2, 1, 2, 2, 2]}, {"tileid": 23, "wangid": [1, 2, 1, 1, 1, 2, 2, 2]}, {"tileid": 24, "wangid": [1, 2, 1, 2, 2, 2, 1, 1]}, {"tileid": 25, "wangid": [1, 1, 1, 2, 2, 2, 1, 2]}, {"tileid": 26, "wangid": [1, 2, 2, 2, 1, 1, 1, 2]}, {"tileid": 27, "wangid": [1, 2, 2, 2, 1, 2, 1, 1]}, {"tileid": 28, "wangid": [2, 2, 1, 2, 1, 2, 1, 2]}, {"tileid": 29, "wangid": [1, 2, 1, 2, 1, 2, 2, 2]}, {"tileid": 30, "wangid": [1, 2, 1, 2, 2, 2, 1, 2]}, {"tileid": 31, "wangid": [1, 2, 2, 2, 1, 2, 1, 2]}, {"tileid": 32, "wangid": [2, 2, 1, 1, 1, 2, 2, 2]}, {"tileid": 33, "wangid": [1, 1, 1, 2, 2, 2, 2, 2]}, {"tileid": 34, "wangid": [1, 2, 2, 2, 2, 2, 1, 1]}, {"tileid": 35, "wangid": [2, 2, 2, 2, 1, 1, 1, 2]}, {"tileid": 36, "wangid": [2, 2, 1, 2, 1, 2, 2, 2]}, {"tileid": 37, "wangid": [1, 2, 1, 2, 2, 2, 2, 2]}, {"tileid": 38, "wangid": [1, 2, 2, 2, 2, 2, 1, 2]}, {"tileid": 39, "wangid": [2, 2, 2, 2, 1, 2, 1, 2]}, {"tileid": 40, "wangid": [1, 2, 2, 2, 1, 2, 2, 2]}, {"tileid": 41, "wangid": [2, 2, 1, 2, 2, 2, 1, 2]}, {"tileid": 42, "wangid": [1, 2, 2, 2, 2, 2, 2, 2]}, {"tileid": 43, "wangid": [2, 2, 2, 2, 2, 2, 1, 2]}, {"tileid": 44, "wangid": [2, 2, 2, 2, 1, 2, 2, 2]}, {"tileid": 45, "wangid": [2, 2, 1, 2, 2, 2, 2, 2]}, {"tileid": 46, "wangid": [2, 2, 2, 2, 2, 2, 2, 2]}], "properties": [], "colors": [{"color": "#00ff00", "name": "open", "probability": 1, "tile": -1}, {"color": "#ff0000", "name": "edge", "probability": 1, "tile": -1}]}, {"name": "lab_cei_64_32_1", "type": "mixed", "tile": 47, "wangtiles": [{"tileid": 47, "wangid": [1, 1, 1, 1, 1, 1, 1, 1]}, {"tileid": 48, "wangid": [1, 1, 1, 1, 1, 1, 1, 2]}, {"tileid": 49, "wangid": [1, 1, 1, 1, 1, 2, 1, 1]}, {"tileid": 50, "wangid": [1, 1, 1, 2, 1, 1, 1, 1]}, {"tileid": 51, "wangid": [1, 2, 1, 1, 1, 1, 1, 1]}, {"tileid": 52, "wangid": [1, 1, 1, 1, 1, 2, 1, 2]}, {"tileid": 53, "wangid": [1, 1, 1, 2, 1, 2, 1, 1]}, {"tileid": 54, "wangid": [1, 2, 1, 2, 1, 1, 1, 1]}, {"tileid": 55, "wangid": [1, 2, 1, 1, 1, 1, 1, 2]}, {"tileid": 56, "wangid": [1, 1, 1, 2, 1, 1, 1, 2]}, {"tileid": 57, "wangid": [1, 2, 1, 1, 1, 2, 1, 1]}, {"tileid": 58, "wangid": [1, 1, 1, 2, 1, 2, 1, 2]}, {"tileid": 59, "wangid": [1, 2, 1, 2, 1, 2, 1, 1]}, {"tileid": 60, "wangid": [1, 2, 1, 2, 1, 1, 1, 2]}, {"tileid": 61, "wangid": [1, 2, 1, 1, 1, 2, 1, 2]}, {"tileid": 62, "wangid": [1, 2, 1, 2, 1, 2, 1, 2]}, {"tileid": 63, "wangid": [2, 2, 1, 1, 1, 1, 1, 2]}, {"tileid": 64, "wangid": [1, 1, 1, 1, 1, 2, 2, 2]}, {"tileid": 65, "wangid": [1, 1, 1, 2, 2, 2, 1, 1]}, {"tileid": 66, "wangid": [1, 2, 2, 2, 1, 1, 1, 1]}, {"tileid": 67, "wangid": [2, 2, 1, 1, 1, 2, 1, 2]}, {"tileid": 68, "wangid": [2, 2, 1, 2, 1, 1, 1, 2]}, {"tileid": 69, "wangid": [1, 1, 1, 2, 1, 2, 2, 2]}, {"tileid": 70, "wangid": [1, 2, 1, 1, 1, 2, 2, 2]}, {"tileid": 71, "wangid": [1, 2, 1, 2, 2, 2, 1, 1]}, {"tileid": 72, "wangid": [1, 1, 1, 2, 2, 2, 1, 2]}, {"tileid": 73, "wangid": [1, 2, 2, 2, 1, 1, 1, 2]}, {"tileid": 74, "wangid": [1, 2, 2, 2, 1, 2, 1, 1]}, {"tileid": 75, "wangid": [2, 2, 1, 2, 1, 2, 1, 2]}, {"tileid": 76, "wangid": [1, 2, 1, 2, 1, 2, 2, 2]}, {"tileid": 77, "wangid": [1, 2, 1, 2, 2, 2, 1, 2]}, {"tileid": 78, "wangid": [1, 2, 2, 2, 1, 2, 1, 2]}, {"tileid": 79, "wangid": [2, 2, 1, 1, 1, 2, 2, 2]}, {"tileid": 80, "wangid": [1, 1, 1, 2, 2, 2, 2, 2]}, {"tileid": 81, "wangid": [1, 2, 2, 2, 2, 2, 1, 1]}, {"tileid": 82, "wangid": [2, 2, 2, 2, 1, 1, 1, 2]}, {"tileid": 83, "wangid": [2, 2, 1, 2, 1, 2, 2, 2]}, {"tileid": 84, "wangid": [1, 2, 1, 2, 2, 2, 2, 2]}, {"tileid": 85, "wangid": [1, 2, 2, 2, 2, 2, 1, 2]}, {"tileid": 86, "wangid": [2, 2, 2, 2, 1, 2, 1, 2]}, {"tileid": 87, "wangid": [1, 2, 2, 2, 1, 2, 2, 2]}, {"tileid": 88, "wangid": [2, 2, 1, 2, 2, 2, 1, 2]}, {"tileid": 89, "wangid": [1, 2, 2, 2, 2, 2, 2, 2]}, {"tileid": 90, "wangid": [2, 2, 2, 2, 2, 2, 1, 2]}, {"tileid": 91, "wangid": [2, 2, 2, 2, 1, 2, 2, 2]}, {"tileid": 92, "wangid": [2, 2, 1, 2, 2, 2, 2, 2]}, {"tileid": 93, "wangid": [2, 2, 2, 2, 2, 2, 2, 2]}], "properties": [], "colors": [{"color": "#00ff00", "name": "open", "probability": 1, "tile": -1}, {"color": "#ff0000", "name": "edge", "probability": 1, "tile": -1}]}], "type": "tileset", "columns": 0, "grid": {"height": 1, "width": 1, "orientation": "orthogonal"}, "margin": 0, "spacing": 0, "tiledversion": "1.7.2", "version": "1.6"}